episode_reward,coop_rate,opp_coop_rate,reward_difference,episode
14.0,0.42857142857142855,0.42857142857142855,0.0,1
11.0,0.5714285714285714,0.2857142857142857,-1.4285714285714286,2
9.0,0.14285714285714285,0.14285714285714285,0.0,3
17.0,0.5714285714285714,0.5714285714285714,0.0,4
20.0,0.5714285714285714,0.7142857142857143,0.7142857142857144,5
15.0,0.2857142857142857,0.42857142857142855,0.7142857142857142,6
14.0,0.5714285714285714,0.42857142857142855,-0.7142857142857144,7
14.0,0.42857142857142855,0.42857142857142855,0.0,8
13.0,0.5714285714285714,0.42857142857142855,-0.7142857142857144,9
14.0,0.42857142857142855,0.42857142857142855,0.0,10
14.0,0.5714285714285714,0.42857142857142855,-0.7142857142857144,11
8.0,0.8571428571428571,0.2857142857142857,-2.857142857142857,12
12.0,0.2857142857142857,0.2857142857142857,0.0,13
10.0,0.14285714285714285,0.14285714285714285,0.0,14
13.0,0.2857142857142857,0.2857142857142857,0.0,15
13.0,0.8571428571428571,0.5714285714285714,-1.4285714285714284,16
21.0,0.42857142857142855,0.7142857142857143,1.4285714285714286,17
9.0,0.5714285714285714,0.2857142857142857,-1.4285714285714286,18
17.0,0.42857142857142855,0.5714285714285714,0.7142857142857142,19
14.0,0.42857142857142855,0.42857142857142855,0.0,20
9.0,0.7142857142857143,0.2857142857142857,-2.1428571428571423,21
6.0,0.5714285714285714,0.14285714285714285,-2.142857142857143,22
15.0,0.2857142857142857,0.42857142857142855,0.7142857142857142,23
9.0,0.7142857142857143,0.2857142857142857,-2.1428571428571423,24
10.0,0.14285714285714285,0.14285714285714285,0.0,25
17.0,0.2857142857142857,0.42857142857142855,0.7142857142857142,26
6.0,0.5714285714285714,0.14285714285714285,-2.142857142857143,27
14.0,0.14285714285714285,0.2857142857142857,0.7142857142857142,28
12.0,0.2857142857142857,0.2857142857142857,0.0,29
12.0,0.2857142857142857,0.2857142857142857,0.0,30
9.0,0.2857142857142857,0.14285714285714285,-0.7142857142857142,31
11.0,0.42857142857142855,0.2857142857142857,-0.7142857142857142,32
17.0,0.14285714285714285,0.42857142857142855,1.4285714285714284,33
7.0,0.8571428571428571,0.2857142857142857,-2.857142857142857,34
17.0,0.42857142857142855,0.5714285714285714,0.7142857142857142,35
13.0,0.2857142857142857,0.2857142857142857,0.0,36
12.0,0.2857142857142857,0.2857142857142857,0.0,37
21.0,0.2857142857142857,0.5714285714285714,1.4285714285714286,38
22.0,0.42857142857142855,0.7142857142857143,1.4285714285714286,39
13.0,0.5714285714285714,0.42857142857142855,-0.7142857142857144,40
17.0,0.5714285714285714,0.5714285714285714,0.0,41
11.0,0.42857142857142855,0.2857142857142857,-0.7142857142857142,42
15.0,0.7142857142857143,0.5714285714285714,-0.7142857142857144,43
16.0,0.2857142857142857,0.42857142857142855,0.7142857142857142,44
22.0,0.7142857142857143,0.8571428571428571,0.7142857142857144,45
13.0,0.2857142857142857,0.2857142857142857,0.0,46
17.0,0.2857142857142857,0.42857142857142855,0.7142857142857142,47
12.0,0.2857142857142857,0.2857142857142857,0.0,48
9.0,0.2857142857142857,0.14285714285714285,-0.7142857142857142,49
12.0,0.2857142857142857,0.2857142857142857,0.0,50
18.0,0.42857142857142855,0.5714285714285714,0.7142857142857144,51
15.0,0.42857142857142855,0.42857142857142855,0.0,52
14.0,0.14285714285714285,0.2857142857142857,0.7142857142857142,53
8.0,0.42857142857142855,0.14285714285714285,-1.4285714285714288,54
15.0,0.42857142857142855,0.42857142857142855,0.0,55
9.0,0.2857142857142857,0.14285714285714285,-0.7142857142857142,56
9.0,0.2857142857142857,0.14285714285714285,-0.7142857142857142,57
9.0,0.2857142857142857,0.14285714285714285,-0.7142857142857142,58
9.0,0.2857142857142857,0.14285714285714285,-0.7142857142857142,59
10.0,0.14285714285714285,0.14285714285714285,0.0,60
9.0,0.2857142857142857,0.14285714285714285,-0.7142857142857142,61
11.0,0.42857142857142855,0.2857142857142857,-0.7142857142857142,62
14.0,0.14285714285714285,0.2857142857142857,0.7142857142857142,63
14.0,0.42857142857142855,0.42857142857142855,0.0,64
10.0,0.14285714285714285,0.14285714285714285,0.0,65
6.0,0.5714285714285714,0.14285714285714285,-2.142857142857143,66
10.0,0.14285714285714285,0.14285714285714285,0.0,67
10.0,0.14285714285714285,0.14285714285714285,0.0,68
13.0,0.5714285714285714,0.42857142857142855,-0.7142857142857144,69
14.0,0.14285714285714285,0.2857142857142857,0.7142857142857142,70
11.0,0.42857142857142855,0.2857142857142857,-0.7142857142857142,71
10.0,0.14285714285714285,0.14285714285714285,0.0,72
12.0,0.2857142857142857,0.2857142857142857,0.0,73
15.0,0.42857142857142855,0.42857142857142855,0.0,74
10.0,0.14285714285714285,0.14285714285714285,0.0,75
14.0,0.14285714285714285,0.2857142857142857,0.7142857142857142,76
12.0,0.2857142857142857,0.2857142857142857,0.0,77
10.0,0.14285714285714285,0.14285714285714285,0.0,78
11.0,0.42857142857142855,0.2857142857142857,-0.7142857142857142,79
16.0,0.5714285714285714,0.5714285714285714,0.0,80
14.0,0.14285714285714285,0.2857142857142857,0.7142857142857142,81
7.0,0.42857142857142855,0.14285714285714285,-1.4285714285714284,82
11.0,0.5714285714285714,0.2857142857142857,-1.4285714285714286,83
10.0,0.14285714285714285,0.14285714285714285,0.0,84
14.0,0.14285714285714285,0.2857142857142857,0.7142857142857142,85
14.0,0.14285714285714285,0.2857142857142857,0.7142857142857142,86
7.0,0.42857142857142855,0.14285714285714285,-1.4285714285714284,87
21.0,0.2857142857142857,0.5714285714285714,1.4285714285714286,88
10.0,0.14285714285714285,0.14285714285714285,0.0,89
18.0,0.14285714285714285,0.42857142857142855,1.4285714285714288,90
13.0,0.2857142857142857,0.2857142857142857,0.0,91
12.0,0.5714285714285714,0.42857142857142855,-0.7142857142857142,92
15.0,0.42857142857142855,0.42857142857142855,0.0,93
12.0,0.2857142857142857,0.2857142857142857,0.0,94
20.0,0.2857142857142857,0.5714285714285714,1.4285714285714286,95
16.0,0.2857142857142857,0.42857142857142855,0.7142857142857142,96
15.0,0.42857142857142855,0.42857142857142855,0.0,97
16.0,0.2857142857142857,0.42857142857142855,0.7142857142857142,98
7.0,0.42857142857142855,0.14285714285714285,-1.4285714285714284,99
10.0,0.14285714285714285,0.14285714285714285,0.0,100
16.0,0.5714285714285714,0.5714285714285714,0.0,101
15.0,0.42857142857142855,0.42857142857142855,0.0,102
16.0,0.2857142857142857,0.42857142857142855,0.7142857142857142,103
16.0,0.2857142857142857,0.42857142857142855,0.7142857142857142,104
16.0,0.2857142857142857,0.42857142857142855,0.7142857142857142,105
16.0,0.2857142857142857,0.42857142857142855,0.7142857142857142,106
12.0,0.2857142857142857,0.2857142857142857,0.0,107
17.0,0.2857142857142857,0.42857142857142855,0.7142857142857142,108
16.0,0.2857142857142857,0.42857142857142855,0.7142857142857142,109
12.0,0.42857142857142855,0.2857142857142857,-0.7142857142857142,110
5.0,0.2857142857142857,0.0,-1.4285714285714284,111
13.0,0.2857142857142857,0.2857142857142857,0.0,112
13.0,0.2857142857142857,0.2857142857142857,0.0,113
9.0,0.5714285714285714,0.2857142857142857,-1.4285714285714286,114
13.0,0.2857142857142857,0.2857142857142857,0.0,115
15.0,0.2857142857142857,0.42857142857142855,0.7142857142857142,116
13.0,0.2857142857142857,0.2857142857142857,0.0,117
14.0,0.42857142857142855,0.42857142857142855,0.0,118
17.0,0.2857142857142857,0.42857142857142855,0.7142857142857142,119
6.0,0.14285714285714285,0.0,-0.7142857142857143,120
13.0,0.2857142857142857,0.2857142857142857,0.0,121
18.0,0.14285714285714285,0.42857142857142855,1.4285714285714288,122
15.0,0.42857142857142855,0.42857142857142855,0.0,123
13.0,0.2857142857142857,0.2857142857142857,0.0,124
14.0,0.14285714285714285,0.2857142857142857,0.7142857142857142,125
15.0,0.42857142857142855,0.42857142857142855,0.0,126
14.0,0.14285714285714285,0.2857142857142857,0.7142857142857142,127
14.0,0.14285714285714285,0.2857142857142857,0.7142857142857142,128
14.0,0.42857142857142855,0.42857142857142855,0.0,129
14.0,0.14285714285714285,0.2857142857142857,0.7142857142857142,130
13.0,0.2857142857142857,0.2857142857142857,0.0,131
10.0,0.14285714285714285,0.14285714285714285,0.0,132
18.0,0.42857142857142855,0.5714285714285714,0.7142857142857144,133
13.0,0.2857142857142857,0.2857142857142857,0.0,134
14.0,0.14285714285714285,0.2857142857142857,0.7142857142857142,135
13.0,0.2857142857142857,0.2857142857142857,0.0,136
10.0,0.14285714285714285,0.14285714285714285,0.0,137
13.0,0.2857142857142857,0.2857142857142857,0.0,138
18.0,0.42857142857142855,0.5714285714285714,0.7142857142857144,139
14.0,0.7142857142857143,0.5714285714285714,-0.7142857142857144,140
14.0,0.14285714285714285,0.2857142857142857,0.7142857142857142,141
17.0,0.5714285714285714,0.5714285714285714,0.0,142
13.0,0.2857142857142857,0.2857142857142857,0.0,143
13.0,0.2857142857142857,0.2857142857142857,0.0,144
14.0,0.14285714285714285,0.2857142857142857,0.7142857142857142,145
13.0,0.2857142857142857,0.2857142857142857,0.0,146
14.0,0.14285714285714285,0.2857142857142857,0.7142857142857142,147
13.0,0.2857142857142857,0.2857142857142857,0.0,148
14.0,0.14285714285714285,0.2857142857142857,0.7142857142857142,149
13.0,0.2857142857142857,0.2857142857142857,0.0,150
14.0,0.14285714285714285,0.2857142857142857,0.7142857142857142,151
13.0,0.2857142857142857,0.2857142857142857,0.0,152
14.0,0.14285714285714285,0.2857142857142857,0.7142857142857142,153
14.0,0.42857142857142855,0.42857142857142855,0.0,154
14.0,0.42857142857142855,0.42857142857142855,0.0,155
13.0,0.2857142857142857,0.2857142857142857,0.0,156
14.0,0.14285714285714285,0.2857142857142857,0.7142857142857142,157
14.0,0.42857142857142855,0.42857142857142855,0.0,158
13.0,0.2857142857142857,0.2857142857142857,0.0,159
13.0,0.2857142857142857,0.2857142857142857,0.0,160
14.0,0.14285714285714285,0.2857142857142857,0.7142857142857142,161
8.0,0.7142857142857143,0.2857142857142857,-2.142857142857143,162
16.0,0.2857142857142857,0.42857142857142855,0.7142857142857142,163
12.0,0.2857142857142857,0.2857142857142857,0.0,164
13.0,0.2857142857142857,0.2857142857142857,0.0,165
16.0,0.2857142857142857,0.42857142857142855,0.7142857142857142,166
13.0,0.2857142857142857,0.2857142857142857,0.0,167
14.0,0.14285714285714285,0.2857142857142857,0.7142857142857142,168
13.0,0.2857142857142857,0.2857142857142857,0.0,169
14.0,0.14285714285714285,0.2857142857142857,0.7142857142857142,170
16.0,0.2857142857142857,0.42857142857142855,0.7142857142857142,171
16.0,0.2857142857142857,0.42857142857142855,0.7142857142857142,172
13.0,0.2857142857142857,0.2857142857142857,0.0,173
13.0,0.2857142857142857,0.2857142857142857,0.0,174
14.0,0.14285714285714285,0.2857142857142857,0.7142857142857142,175
12.0,0.2857142857142857,0.2857142857142857,0.0,176
13.0,0.2857142857142857,0.2857142857142857,0.0,177
14.0,0.14285714285714285,0.2857142857142857,0.7142857142857142,178
13.0,0.2857142857142857,0.2857142857142857,0.0,179
14.0,0.14285714285714285,0.2857142857142857,0.7142857142857142,180
14.0,0.42857142857142855,0.42857142857142855,0.0,181
14.0,0.14285714285714285,0.2857142857142857,0.7142857142857142,182
16.0,0.2857142857142857,0.42857142857142855,0.7142857142857142,183
12.0,0.42857142857142855,0.2857142857142857,-0.7142857142857142,184
13.0,0.2857142857142857,0.2857142857142857,0.0,185
14.0,0.14285714285714285,0.2857142857142857,0.7142857142857142,186
13.0,0.2857142857142857,0.2857142857142857,0.0,187
14.0,0.14285714285714285,0.2857142857142857,0.7142857142857142,188
16.0,0.2857142857142857,0.42857142857142855,0.7142857142857142,189
13.0,0.2857142857142857,0.2857142857142857,0.0,190
14.0,0.14285714285714285,0.2857142857142857,0.7142857142857142,191
10.0,0.42857142857142855,0.2857142857142857,-0.7142857142857142,192
13.0,0.2857142857142857,0.2857142857142857,0.0,193
14.0,0.14285714285714285,0.2857142857142857,0.7142857142857142,194
20.0,0.2857142857142857,0.5714285714285714,1.4285714285714286,195
12.0,0.2857142857142857,0.2857142857142857,0.0,196
13.0,0.2857142857142857,0.2857142857142857,0.0,197
13.0,0.2857142857142857,0.2857142857142857,0.0,198
14.0,0.14285714285714285,0.2857142857142857,0.7142857142857142,199
14.0,0.14285714285714285,0.2857142857142857,0.7142857142857142,200
16.0,0.2857142857142857,0.42857142857142855,0.7142857142857142,201
13.0,0.2857142857142857,0.2857142857142857,0.0,202
13.0,0.2857142857142857,0.2857142857142857,0.0,203
14.0,0.14285714285714285,0.2857142857142857,0.7142857142857142,204
16.0,0.5714285714285714,0.5714285714285714,0.0,205
13.0,0.2857142857142857,0.2857142857142857,0.0,206
13.0,0.2857142857142857,0.2857142857142857,0.0,207
14.0,0.14285714285714285,0.2857142857142857,0.7142857142857142,208
14.0,0.42857142857142855,0.42857142857142855,0.0,209
16.0,0.2857142857142857,0.42857142857142855,0.7142857142857142,210
13.0,0.2857142857142857,0.2857142857142857,0.0,211
13.0,0.2857142857142857,0.2857142857142857,0.0,212
14.0,0.14285714285714285,0.2857142857142857,0.7142857142857142,213
14.0,0.42857142857142855,0.42857142857142855,0.0,214
14.0,0.14285714285714285,0.2857142857142857,0.7142857142857142,215
7.0,0.42857142857142855,0.14285714285714285,-1.4285714285714284,216
9.0,0.2857142857142857,0.14285714285714285,-0.7142857142857142,217
16.0,0.2857142857142857,0.42857142857142855,0.7142857142857142,218
13.0,0.2857142857142857,0.2857142857142857,0.0,219
9.0,0.2857142857142857,0.14285714285714285,-0.7142857142857142,220
13.0,0.2857142857142857,0.2857142857142857,0.0,221
14.0,0.14285714285714285,0.2857142857142857,0.7142857142857142,222
13.0,0.2857142857142857,0.2857142857142857,0.0,223
14.0,0.14285714285714285,0.2857142857142857,0.7142857142857142,224
14.0,0.14285714285714285,0.2857142857142857,0.7142857142857142,225
16.0,0.2857142857142857,0.42857142857142855,0.7142857142857142,226
13.0,0.2857142857142857,0.2857142857142857,0.0,227
13.0,0.2857142857142857,0.2857142857142857,0.0,228
14.0,0.14285714285714285,0.2857142857142857,0.7142857142857142,229
13.0,0.2857142857142857,0.2857142857142857,0.0,230
11.0,0.42857142857142855,0.2857142857142857,-0.7142857142857142,231
6.0,0.14285714285714285,0.0,-0.7142857142857143,232
11.0,0.42857142857142855,0.2857142857142857,-0.7142857142857142,233
14.0,0.14285714285714285,0.2857142857142857,0.7142857142857142,234
20.0,0.2857142857142857,0.5714285714285714,1.4285714285714286,235
16.0,0.5714285714285714,0.5714285714285714,0.0,236
6.0,0.14285714285714285,0.0,-0.7142857142857143,237
6.0,0.14285714285714285,0.0,-0.7142857142857143,238
12.0,0.2857142857142857,0.2857142857142857,0.0,239
12.0,0.2857142857142857,0.2857142857142857,0.0,240
18.0,0.14285714285714285,0.42857142857142855,1.4285714285714288,241
12.0,0.2857142857142857,0.2857142857142857,0.0,242
6.0,0.14285714285714285,0.0,-0.7142857142857143,243
6.0,0.14285714285714285,0.0,-0.7142857142857143,244
12.0,0.2857142857142857,0.2857142857142857,0.0,245
6.0,0.14285714285714285,0.0,-0.7142857142857143,246
6.0,0.14285714285714285,0.0,-0.7142857142857143,247
12.0,0.2857142857142857,0.2857142857142857,0.0,248
6.0,0.14285714285714285,0.0,-0.7142857142857143,249
20.0,0.2857142857142857,0.5714285714285714,1.4285714285714286,250
15.0,0.42857142857142855,0.42857142857142855,0.0,251
12.0,0.2857142857142857,0.2857142857142857,0.0,252
14.0,0.14285714285714285,0.2857142857142857,0.7142857142857142,253
6.0,0.14285714285714285,0.0,-0.7142857142857143,254
14.0,0.14285714285714285,0.2857142857142857,0.7142857142857142,255
12.0,0.2857142857142857,0.2857142857142857,0.0,256
14.0,0.14285714285714285,0.2857142857142857,0.7142857142857142,257
15.0,0.42857142857142855,0.42857142857142855,0.0,258
14.0,0.14285714285714285,0.2857142857142857,0.7142857142857142,259
20.0,0.2857142857142857,0.5714285714285714,1.4285714285714286,260
10.0,0.42857142857142855,0.2857142857142857,-0.7142857142857142,261
10.0,0.14285714285714285,0.14285714285714285,0.0,262
14.0,0.14285714285714285,0.2857142857142857,0.7142857142857142,263
14.0,0.14285714285714285,0.2857142857142857,0.7142857142857142,264
15.0,0.42857142857142855,0.42857142857142855,0.0,265
10.0,0.5714285714285714,0.2857142857142857,-1.4285714285714286,266
5.0,0.2857142857142857,0.0,-1.4285714285714284,267
13.0,0.14285714285714285,0.2857142857142857,0.7142857142857144,268
20.0,0.2857142857142857,0.5714285714285714,1.4285714285714286,269
10.0,0.14285714285714285,0.14285714285714285,0.0,270
14.0,0.14285714285714285,0.2857142857142857,0.7142857142857142,271
14.0,0.14285714285714285,0.2857142857142857,0.7142857142857142,272
14.0,0.14285714285714285,0.2857142857142857,0.7142857142857142,273
12.0,0.2857142857142857,0.2857142857142857,0.0,274
14.0,0.14285714285714285,0.2857142857142857,0.7142857142857142,275
20.0,0.2857142857142857,0.5714285714285714,1.4285714285714286,276
10.0,0.14285714285714285,0.14285714285714285,0.0,277
14.0,0.14285714285714285,0.2857142857142857,0.7142857142857142,278
10.0,0.14285714285714285,0.14285714285714285,0.0,279
7.0,0.42857142857142855,0.14285714285714285,-1.4285714285714284,280
14.0,0.14285714285714285,0.2857142857142857,0.7142857142857142,281
6.0,0.14285714285714285,0.0,-0.7142857142857143,282
20.0,0.2857142857142857,0.5714285714285714,1.4285714285714286,283
10.0,0.14285714285714285,0.14285714285714285,0.0,284
14.0,0.14285714285714285,0.2857142857142857,0.7142857142857142,285
14.0,0.14285714285714285,0.2857142857142857,0.7142857142857142,286
12.0,0.2857142857142857,0.2857142857142857,0.0,287
20.0,0.2857142857142857,0.5714285714285714,1.4285714285714286,288
9.0,0.2857142857142857,0.14285714285714285,-0.7142857142857142,289
14.0,0.14285714285714285,0.2857142857142857,0.7142857142857142,290
10.0,0.14285714285714285,0.14285714285714285,0.0,291
14.0,0.14285714285714285,0.2857142857142857,0.7142857142857142,292
6.0,0.14285714285714285,0.0,-0.7142857142857143,293
14.0,0.14285714285714285,0.2857142857142857,0.7142857142857142,294
6.0,0.5714285714285714,0.14285714285714285,-2.142857142857143,295
7.0,0.42857142857142855,0.14285714285714285,-1.4285714285714284,296
10.0,0.14285714285714285,0.14285714285714285,0.0,297
12.0,0.2857142857142857,0.2857142857142857,0.0,298
10.0,0.14285714285714285,0.14285714285714285,0.0,299
10.0,0.14285714285714285,0.14285714285714285,0.0,300
6.0,0.14285714285714285,0.0,-0.7142857142857143,301
10.0,0.14285714285714285,0.14285714285714285,0.0,302
20.0,0.2857142857142857,0.5714285714285714,1.4285714285714286,303
12.0,0.2857142857142857,0.2857142857142857,0.0,304
13.0,0.5714285714285714,0.42857142857142855,-0.7142857142857144,305
14.0,0.14285714285714285,0.2857142857142857,0.7142857142857142,306
14.0,0.14285714285714285,0.2857142857142857,0.7142857142857142,307
20.0,0.2857142857142857,0.5714285714285714,1.4285714285714286,308
14.0,0.14285714285714285,0.2857142857142857,0.7142857142857142,309
14.0,0.14285714285714285,0.2857142857142857,0.7142857142857142,310
7.0,0.42857142857142855,0.14285714285714285,-1.4285714285714284,311
20.0,0.2857142857142857,0.5714285714285714,1.4285714285714286,312
9.0,0.2857142857142857,0.14285714285714285,-0.7142857142857142,313
7.0,0.42857142857142855,0.14285714285714285,-1.4285714285714284,314
14.0,0.14285714285714285,0.2857142857142857,0.7142857142857142,315
10.0,0.14285714285714285,0.14285714285714285,0.0,316
14.0,0.14285714285714285,0.2857142857142857,0.7142857142857142,317
10.0,0.14285714285714285,0.14285714285714285,0.0,318
10.0,0.14285714285714285,0.14285714285714285,0.0,319
20.0,0.2857142857142857,0.5714285714285714,1.4285714285714286,320
12.0,0.2857142857142857,0.2857142857142857,0.0,321
14.0,0.14285714285714285,0.2857142857142857,0.7142857142857142,322
14.0,0.14285714285714285,0.2857142857142857,0.7142857142857142,323
10.0,0.14285714285714285,0.14285714285714285,0.0,324
9.0,0.2857142857142857,0.14285714285714285,-0.7142857142857142,325
10.0,0.14285714285714285,0.14285714285714285,0.0,326
10.0,0.14285714285714285,0.14285714285714285,0.0,327
20.0,0.2857142857142857,0.5714285714285714,1.4285714285714286,328
10.0,0.14285714285714285,0.14285714285714285,0.0,329
10.0,0.14285714285714285,0.14285714285714285,0.0,330
10.0,0.14285714285714285,0.14285714285714285,0.0,331
12.0,0.2857142857142857,0.2857142857142857,0.0,332
12.0,0.2857142857142857,0.2857142857142857,0.0,333
12.0,0.2857142857142857,0.2857142857142857,0.0,334
12.0,0.2857142857142857,0.2857142857142857,0.0,335
14.0,0.14285714285714285,0.2857142857142857,0.7142857142857142,336
12.0,0.2857142857142857,0.2857142857142857,0.0,337
12.0,0.2857142857142857,0.2857142857142857,0.0,338
9.0,0.2857142857142857,0.14285714285714285,-0.7142857142857142,339
12.0,0.2857142857142857,0.2857142857142857,0.0,340
12.0,0.2857142857142857,0.2857142857142857,0.0,341
12.0,0.2857142857142857,0.2857142857142857,0.0,342
12.0,0.2857142857142857,0.2857142857142857,0.0,343
10.0,0.14285714285714285,0.14285714285714285,0.0,344
12.0,0.2857142857142857,0.2857142857142857,0.0,345
12.0,0.2857142857142857,0.2857142857142857,0.0,346
11.0,0.42857142857142855,0.2857142857142857,-0.7142857142857142,347
6.0,0.14285714285714285,0.0,-0.7142857142857143,348
12.0,0.2857142857142857,0.2857142857142857,0.0,349
12.0,0.2857142857142857,0.2857142857142857,0.0,350
10.0,0.14285714285714285,0.14285714285714285,0.0,351
12.0,0.2857142857142857,0.2857142857142857,0.0,352
12.0,0.2857142857142857,0.2857142857142857,0.0,353
12.0,0.2857142857142857,0.2857142857142857,0.0,354
10.0,0.14285714285714285,0.14285714285714285,0.0,355
11.0,0.42857142857142855,0.2857142857142857,-0.7142857142857142,356
12.0,0.2857142857142857,0.2857142857142857,0.0,357
12.0,0.2857142857142857,0.2857142857142857,0.0,358
12.0,0.2857142857142857,0.2857142857142857,0.0,359
12.0,0.2857142857142857,0.2857142857142857,0.0,360
10.0,0.14285714285714285,0.14285714285714285,0.0,361
12.0,0.2857142857142857,0.2857142857142857,0.0,362
12.0,0.2857142857142857,0.2857142857142857,0.0,363
12.0,0.2857142857142857,0.2857142857142857,0.0,364
12.0,0.2857142857142857,0.2857142857142857,0.0,365
10.0,0.14285714285714285,0.14285714285714285,0.0,366
12.0,0.2857142857142857,0.2857142857142857,0.0,367
12.0,0.2857142857142857,0.2857142857142857,0.0,368
6.0,0.14285714285714285,0.0,-0.7142857142857143,369
12.0,0.2857142857142857,0.2857142857142857,0.0,370
12.0,0.2857142857142857,0.2857142857142857,0.0,371
10.0,0.14285714285714285,0.14285714285714285,0.0,372
12.0,0.2857142857142857,0.2857142857142857,0.0,373
9.0,0.5714285714285714,0.2857142857142857,-1.4285714285714286,374
12.0,0.2857142857142857,0.2857142857142857,0.0,375
12.0,0.2857142857142857,0.2857142857142857,0.0,376
12.0,0.2857142857142857,0.2857142857142857,0.0,377
12.0,0.2857142857142857,0.2857142857142857,0.0,378
12.0,0.2857142857142857,0.2857142857142857,0.0,379
12.0,0.2857142857142857,0.2857142857142857,0.0,380
10.0,0.14285714285714285,0.14285714285714285,0.0,381
13.0,0.2857142857142857,0.2857142857142857,0.0,382
12.0,0.2857142857142857,0.2857142857142857,0.0,383
12.0,0.2857142857142857,0.2857142857142857,0.0,384
12.0,0.2857142857142857,0.2857142857142857,0.0,385
14.0,0.42857142857142855,0.42857142857142855,0.0,386
12.0,0.2857142857142857,0.2857142857142857,0.0,387
12.0,0.2857142857142857,0.2857142857142857,0.0,388
12.0,0.2857142857142857,0.2857142857142857,0.0,389
12.0,0.2857142857142857,0.2857142857142857,0.0,390
12.0,0.2857142857142857,0.2857142857142857,0.0,391
12.0,0.2857142857142857,0.2857142857142857,0.0,392
12.0,0.2857142857142857,0.2857142857142857,0.0,393
12.0,0.2857142857142857,0.2857142857142857,0.0,394
14.0,0.42857142857142855,0.42857142857142855,0.0,395
8.0,0.42857142857142855,0.14285714285714285,-1.4285714285714288,396
14.0,0.42857142857142855,0.42857142857142855,0.0,397
12.0,0.2857142857142857,0.2857142857142857,0.0,398
12.0,0.2857142857142857,0.2857142857142857,0.0,399
14.0,0.42857142857142855,0.42857142857142855,0.0,400
12.0,0.2857142857142857,0.2857142857142857,0.0,401
12.0,0.2857142857142857,0.2857142857142857,0.0,402
8.0,0.2857142857142857,0.14285714285714285,-0.7142857142857144,403
12.0,0.2857142857142857,0.2857142857142857,0.0,404
12.0,0.2857142857142857,0.2857142857142857,0.0,405
14.0,0.42857142857142855,0.42857142857142855,0.0,406
12.0,0.2857142857142857,0.2857142857142857,0.0,407
14.0,0.42857142857142855,0.42857142857142855,0.0,408
12.0,0.2857142857142857,0.2857142857142857,0.0,409
7.0,0.42857142857142855,0.14285714285714285,-1.4285714285714284,410
12.0,0.2857142857142857,0.2857142857142857,0.0,411
14.0,0.42857142857142855,0.42857142857142855,0.0,412
12.0,0.2857142857142857,0.2857142857142857,0.0,413
14.0,0.42857142857142855,0.42857142857142855,0.0,414
12.0,0.2857142857142857,0.2857142857142857,0.0,415
12.0,0.2857142857142857,0.2857142857142857,0.0,416
14.0,0.42857142857142855,0.42857142857142855,0.0,417
12.0,0.2857142857142857,0.2857142857142857,0.0,418
14.0,0.42857142857142855,0.42857142857142855,0.0,419
12.0,0.2857142857142857,0.2857142857142857,0.0,420
14.0,0.42857142857142855,0.42857142857142855,0.0,421
17.0,0.14285714285714285,0.42857142857142855,1.4285714285714284,422
18.0,0.14285714285714285,0.42857142857142855,1.4285714285714288,423
12.0,0.2857142857142857,0.2857142857142857,0.0,424
14.0,0.42857142857142855,0.42857142857142855,0.0,425
12.0,0.2857142857142857,0.2857142857142857,0.0,426
14.0,0.42857142857142855,0.42857142857142855,0.0,427
12.0,0.2857142857142857,0.2857142857142857,0.0,428
14.0,0.42857142857142855,0.42857142857142855,0.0,429
12.0,0.2857142857142857,0.2857142857142857,0.0,430
14.0,0.42857142857142855,0.42857142857142855,0.0,431
12.0,0.2857142857142857,0.2857142857142857,0.0,432
12.0,0.2857142857142857,0.2857142857142857,0.0,433
14.0,0.42857142857142855,0.42857142857142855,0.0,434
12.0,0.2857142857142857,0.2857142857142857,0.0,435
6.0,0.14285714285714285,0.0,-0.7142857142857143,436
14.0,0.14285714285714285,0.2857142857142857,0.7142857142857142,437
14.0,0.42857142857142855,0.42857142857142855,0.0,438
12.0,0.2857142857142857,0.2857142857142857,0.0,439
14.0,0.42857142857142855,0.42857142857142855,0.0,440
14.0,0.14285714285714285,0.2857142857142857,0.7142857142857142,441
14.0,0.42857142857142855,0.42857142857142855,0.0,442
12.0,0.2857142857142857,0.2857142857142857,0.0,443
14.0,0.42857142857142855,0.42857142857142855,0.0,444
20.0,0.2857142857142857,0.5714285714285714,1.4285714285714286,445
14.0,0.42857142857142855,0.42857142857142855,0.0,446
12.0,0.2857142857142857,0.2857142857142857,0.0,447
14.0,0.42857142857142855,0.42857142857142855,0.0,448
7.0,0.42857142857142855,0.14285714285714285,-1.4285714285714284,449
12.0,0.2857142857142857,0.2857142857142857,0.0,450
14.0,0.42857142857142855,0.42857142857142855,0.0,451
19.0,0.2857142857142857,0.5714285714285714,1.4285714285714286,452
14.0,0.14285714285714285,0.2857142857142857,0.7142857142857142,453
14.0,0.42857142857142855,0.42857142857142855,0.0,454
11.0,0.42857142857142855,0.2857142857142857,-0.7142857142857142,455
14.0,0.42857142857142855,0.42857142857142855,0.0,456
14.0,0.14285714285714285,0.2857142857142857,0.7142857142857142,457
14.0,0.42857142857142855,0.42857142857142855,0.0,458
12.0,0.2857142857142857,0.2857142857142857,0.0,459
14.0,0.42857142857142855,0.42857142857142855,0.0,460
12.0,0.2857142857142857,0.2857142857142857,0.0,461
14.0,0.42857142857142855,0.42857142857142855,0.0,462
20.0,0.2857142857142857,0.5714285714285714,1.4285714285714286,463
14.0,0.42857142857142855,0.42857142857142855,0.0,464
12.0,0.2857142857142857,0.2857142857142857,0.0,465
14.0,0.42857142857142855,0.42857142857142855,0.0,466
14.0,0.14285714285714285,0.2857142857142857,0.7142857142857142,467
8.0,0.2857142857142857,0.14285714285714285,-0.7142857142857144,468
12.0,0.2857142857142857,0.2857142857142857,0.0,469
14.0,0.42857142857142855,0.42857142857142855,0.0,470
12.0,0.2857142857142857,0.2857142857142857,0.0,471
15.0,0.2857142857142857,0.42857142857142855,0.7142857142857142,472
9.0,0.2857142857142857,0.14285714285714285,-0.7142857142857142,473
14.0,0.42857142857142855,0.42857142857142855,0.0,474
14.0,0.14285714285714285,0.2857142857142857,0.7142857142857142,475
12.0,0.2857142857142857,0.2857142857142857,0.0,476
14.0,0.42857142857142855,0.42857142857142855,0.0,477
12.0,0.2857142857142857,0.2857142857142857,0.0,478
14.0,0.42857142857142855,0.42857142857142855,0.0,479
20.0,0.2857142857142857,0.5714285714285714,1.4285714285714286,480
14.0,0.42857142857142855,0.42857142857142855,0.0,481
14.0,0.42857142857142855,0.42857142857142855,0.0,482
12.0,0.2857142857142857,0.2857142857142857,0.0,483
13.0,0.14285714285714285,0.2857142857142857,0.7142857142857144,484
14.0,0.42857142857142855,0.42857142857142855,0.0,485
12.0,0.2857142857142857,0.2857142857142857,0.0,486
14.0,0.42857142857142855,0.42857142857142855,0.0,487
14.0,0.42857142857142855,0.42857142857142855,0.0,488
14.0,0.14285714285714285,0.2857142857142857,0.7142857142857142,489
14.0,0.42857142857142855,0.42857142857142855,0.0,490
12.0,0.2857142857142857,0.2857142857142857,0.0,491
14.0,0.42857142857142855,0.42857142857142855,0.0,492
14.0,0.42857142857142855,0.42857142857142855,0.0,493
12.0,0.2857142857142857,0.2857142857142857,0.0,494
14.0,0.42857142857142855,0.42857142857142855,0.0,495
20.0,0.2857142857142857,0.5714285714285714,1.4285714285714286,496
14.0,0.42857142857142855,0.42857142857142855,0.0,497
14.0,0.42857142857142855,0.42857142857142855,0.0,498
12.0,0.2857142857142857,0.2857142857142857,0.0,499
14.0,0.42857142857142855,0.42857142857142855,0.0,500
14.0,0.42857142857142855,0.42857142857142855,0.0,501
14.0,0.14285714285714285,0.2857142857142857,0.7142857142857142,502
14.0,0.42857142857142855,0.42857142857142855,0.0,503
14.0,0.42857142857142855,0.42857142857142855,0.0,504
12.0,0.2857142857142857,0.2857142857142857,0.0,505
14.0,0.42857142857142855,0.42857142857142855,0.0,506
9.0,0.2857142857142857,0.14285714285714285,-0.7142857142857142,507
14.0,0.42857142857142855,0.42857142857142855,0.0,508
14.0,0.42857142857142855,0.42857142857142855,0.0,509
12.0,0.2857142857142857,0.2857142857142857,0.0,510
14.0,0.42857142857142855,0.42857142857142855,0.0,511
14.0,0.42857142857142855,0.42857142857142855,0.0,512
12.0,0.2857142857142857,0.2857142857142857,0.0,513
14.0,0.42857142857142855,0.42857142857142855,0.0,514
14.0,0.42857142857142855,0.42857142857142855,0.0,515
12.0,0.2857142857142857,0.2857142857142857,0.0,516
11.0,0.42857142857142855,0.2857142857142857,-0.7142857142857142,517
11.0,0.42857142857142855,0.2857142857142857,-0.7142857142857142,518
12.0,0.2857142857142857,0.2857142857142857,0.0,519
9.0,0.2857142857142857,0.14285714285714285,-0.7142857142857142,520
11.0,0.42857142857142855,0.2857142857142857,-0.7142857142857142,521
12.0,0.2857142857142857,0.2857142857142857,0.0,522
11.0,0.42857142857142855,0.2857142857142857,-0.7142857142857142,523
11.0,0.42857142857142855,0.2857142857142857,-0.7142857142857142,524
12.0,0.2857142857142857,0.2857142857142857,0.0,525
11.0,0.42857142857142855,0.2857142857142857,-0.7142857142857142,526
11.0,0.42857142857142855,0.2857142857142857,-0.7142857142857142,527
14.0,0.14285714285714285,0.2857142857142857,0.7142857142857142,528
9.0,0.2857142857142857,0.14285714285714285,-0.7142857142857142,529
11.0,0.42857142857142855,0.2857142857142857,-0.7142857142857142,530
14.0,0.14285714285714285,0.2857142857142857,0.7142857142857142,531
11.0,0.42857142857142855,0.2857142857142857,-0.7142857142857142,532
11.0,0.42857142857142855,0.2857142857142857,-0.7142857142857142,533
11.0,0.42857142857142855,0.2857142857142857,-0.7142857142857142,534
14.0,0.14285714285714285,0.2857142857142857,0.7142857142857142,535
11.0,0.42857142857142855,0.2857142857142857,-0.7142857142857142,536
15.0,0.42857142857142855,0.42857142857142855,0.0,537
11.0,0.42857142857142855,0.2857142857142857,-0.7142857142857142,538
14.0,0.14285714285714285,0.2857142857142857,0.7142857142857142,539
11.0,0.42857142857142855,0.2857142857142857,-0.7142857142857142,540
11.0,0.42857142857142855,0.2857142857142857,-0.7142857142857142,541
11.0,0.42857142857142855,0.2857142857142857,-0.7142857142857142,542
16.0,0.5714285714285714,0.5714285714285714,0.0,543
14.0,0.14285714285714285,0.2857142857142857,0.7142857142857142,544
11.0,0.42857142857142855,0.2857142857142857,-0.7142857142857142,545
11.0,0.42857142857142855,0.2857142857142857,-0.7142857142857142,546
7.0,0.42857142857142855,0.14285714285714285,-1.4285714285714284,547
11.0,0.42857142857142855,0.2857142857142857,-0.7142857142857142,548
11.0,0.42857142857142855,0.2857142857142857,-0.7142857142857142,549
11.0,0.42857142857142855,0.2857142857142857,-0.7142857142857142,550
7.0,0.42857142857142855,0.14285714285714285,-1.4285714285714284,551
11.0,0.42857142857142855,0.2857142857142857,-0.7142857142857142,552
11.0,0.42857142857142855,0.2857142857142857,-0.7142857142857142,553
9.0,0.2857142857142857,0.14285714285714285,-0.7142857142857142,554
11.0,0.42857142857142855,0.2857142857142857,-0.7142857142857142,555
11.0,0.42857142857142855,0.2857142857142857,-0.7142857142857142,556
11.0,0.42857142857142855,0.2857142857142857,-0.7142857142857142,557
11.0,0.42857142857142855,0.2857142857142857,-0.7142857142857142,558
11.0,0.42857142857142855,0.2857142857142857,-0.7142857142857142,559
11.0,0.42857142857142855,0.2857142857142857,-0.7142857142857142,560
11.0,0.42857142857142855,0.2857142857142857,-0.7142857142857142,561
11.0,0.42857142857142855,0.2857142857142857,-0.7142857142857142,562
11.0,0.42857142857142855,0.2857142857142857,-0.7142857142857142,563
11.0,0.42857142857142855,0.2857142857142857,-0.7142857142857142,564
11.0,0.42857142857142855,0.2857142857142857,-0.7142857142857142,565
11.0,0.42857142857142855,0.2857142857142857,-0.7142857142857142,566
7.0,0.42857142857142855,0.14285714285714285,-1.4285714285714284,567
11.0,0.42857142857142855,0.2857142857142857,-0.7142857142857142,568
11.0,0.42857142857142855,0.2857142857142857,-0.7142857142857142,569
11.0,0.42857142857142855,0.2857142857142857,-0.7142857142857142,570
8.0,0.2857142857142857,0.14285714285714285,-0.7142857142857144,571
11.0,0.42857142857142855,0.2857142857142857,-0.7142857142857142,572
11.0,0.42857142857142855,0.2857142857142857,-0.7142857142857142,573
11.0,0.42857142857142855,0.2857142857142857,-0.7142857142857142,574
11.0,0.42857142857142855,0.2857142857142857,-0.7142857142857142,575
11.0,0.42857142857142855,0.2857142857142857,-0.7142857142857142,576
11.0,0.42857142857142855,0.2857142857142857,-0.7142857142857142,577
11.0,0.42857142857142855,0.2857142857142857,-0.7142857142857142,578
11.0,0.42857142857142855,0.2857142857142857,-0.7142857142857142,579
14.0,0.14285714285714285,0.2857142857142857,0.7142857142857142,580
11.0,0.42857142857142855,0.2857142857142857,-0.7142857142857142,581
11.0,0.42857142857142855,0.2857142857142857,-0.7142857142857142,582
11.0,0.42857142857142855,0.2857142857142857,-0.7142857142857142,583
11.0,0.42857142857142855,0.2857142857142857,-0.7142857142857142,584
16.0,0.5714285714285714,0.5714285714285714,0.0,585
14.0,0.14285714285714285,0.2857142857142857,0.7142857142857142,586
11.0,0.42857142857142855,0.2857142857142857,-0.7142857142857142,587
11.0,0.42857142857142855,0.2857142857142857,-0.7142857142857142,588
11.0,0.42857142857142855,0.2857142857142857,-0.7142857142857142,589
11.0,0.42857142857142855,0.2857142857142857,-0.7142857142857142,590
11.0,0.42857142857142855,0.2857142857142857,-0.7142857142857142,591
11.0,0.42857142857142855,0.2857142857142857,-0.7142857142857142,592
11.0,0.42857142857142855,0.2857142857142857,-0.7142857142857142,593
11.0,0.42857142857142855,0.2857142857142857,-0.7142857142857142,594
11.0,0.42857142857142855,0.2857142857142857,-0.7142857142857142,595
11.0,0.42857142857142855,0.2857142857142857,-0.7142857142857142,596
11.0,0.42857142857142855,0.2857142857142857,-0.7142857142857142,597
11.0,0.42857142857142855,0.2857142857142857,-0.7142857142857142,598
11.0,0.42857142857142855,0.2857142857142857,-0.7142857142857142,599
11.0,0.42857142857142855,0.2857142857142857,-0.7142857142857142,600
11.0,0.42857142857142855,0.2857142857142857,-0.7142857142857142,601
11.0,0.42857142857142855,0.2857142857142857,-0.7142857142857142,602
12.0,0.2857142857142857,0.2857142857142857,0.0,603
11.0,0.42857142857142855,0.2857142857142857,-0.7142857142857142,604
11.0,0.42857142857142855,0.2857142857142857,-0.7142857142857142,605
11.0,0.42857142857142855,0.2857142857142857,-0.7142857142857142,606
11.0,0.42857142857142855,0.2857142857142857,-0.7142857142857142,607
11.0,0.42857142857142855,0.2857142857142857,-0.7142857142857142,608
11.0,0.42857142857142855,0.2857142857142857,-0.7142857142857142,609
11.0,0.42857142857142855,0.2857142857142857,-0.7142857142857142,610
11.0,0.42857142857142855,0.2857142857142857,-0.7142857142857142,611
11.0,0.42857142857142855,0.2857142857142857,-0.7142857142857142,612
11.0,0.42857142857142855,0.2857142857142857,-0.7142857142857142,613
11.0,0.42857142857142855,0.2857142857142857,-0.7142857142857142,614
11.0,0.42857142857142855,0.2857142857142857,-0.7142857142857142,615
11.0,0.42857142857142855,0.2857142857142857,-0.7142857142857142,616
11.0,0.42857142857142855,0.2857142857142857,-0.7142857142857142,617
11.0,0.42857142857142855,0.2857142857142857,-0.7142857142857142,618
11.0,0.42857142857142855,0.2857142857142857,-0.7142857142857142,619
11.0,0.42857142857142855,0.2857142857142857,-0.7142857142857142,620
11.0,0.42857142857142855,0.2857142857142857,-0.7142857142857142,621
9.0,0.2857142857142857,0.14285714285714285,-0.7142857142857142,622
11.0,0.42857142857142855,0.2857142857142857,-0.7142857142857142,623
16.0,0.5714285714285714,0.5714285714285714,0.0,624
11.0,0.42857142857142855,0.2857142857142857,-0.7142857142857142,625
11.0,0.42857142857142855,0.2857142857142857,-0.7142857142857142,626
11.0,0.42857142857142855,0.2857142857142857,-0.7142857142857142,627
11.0,0.42857142857142855,0.2857142857142857,-0.7142857142857142,628
11.0,0.42857142857142855,0.2857142857142857,-0.7142857142857142,629
11.0,0.42857142857142855,0.2857142857142857,-0.7142857142857142,630
11.0,0.42857142857142855,0.2857142857142857,-0.7142857142857142,631
11.0,0.42857142857142855,0.2857142857142857,-0.7142857142857142,632
11.0,0.42857142857142855,0.2857142857142857,-0.7142857142857142,633
11.0,0.42857142857142855,0.2857142857142857,-0.7142857142857142,634
11.0,0.42857142857142855,0.2857142857142857,-0.7142857142857142,635
11.0,0.42857142857142855,0.2857142857142857,-0.7142857142857142,636
11.0,0.42857142857142855,0.2857142857142857,-0.7142857142857142,637
11.0,0.42857142857142855,0.2857142857142857,-0.7142857142857142,638
11.0,0.42857142857142855,0.2857142857142857,-0.7142857142857142,639
12.0,0.2857142857142857,0.2857142857142857,0.0,640
11.0,0.42857142857142855,0.2857142857142857,-0.7142857142857142,641
11.0,0.42857142857142855,0.2857142857142857,-0.7142857142857142,642
8.0,0.2857142857142857,0.14285714285714285,-0.7142857142857144,643
11.0,0.42857142857142855,0.2857142857142857,-0.7142857142857142,644
11.0,0.42857142857142855,0.2857142857142857,-0.7142857142857142,645
11.0,0.42857142857142855,0.2857142857142857,-0.7142857142857142,646
11.0,0.42857142857142855,0.2857142857142857,-0.7142857142857142,647
11.0,0.42857142857142855,0.2857142857142857,-0.7142857142857142,648
11.0,0.42857142857142855,0.2857142857142857,-0.7142857142857142,649
11.0,0.42857142857142855,0.2857142857142857,-0.7142857142857142,650
11.0,0.42857142857142855,0.2857142857142857,-0.7142857142857142,651
11.0,0.42857142857142855,0.2857142857142857,-0.7142857142857142,652
11.0,0.42857142857142855,0.2857142857142857,-0.7142857142857142,653
11.0,0.42857142857142855,0.2857142857142857,-0.7142857142857142,654
11.0,0.42857142857142855,0.2857142857142857,-0.7142857142857142,655
12.0,0.2857142857142857,0.2857142857142857,0.0,656
12.0,0.2857142857142857,0.2857142857142857,0.0,657
12.0,0.2857142857142857,0.2857142857142857,0.0,658
16.0,0.5714285714285714,0.5714285714285714,0.0,659
12.0,0.2857142857142857,0.2857142857142857,0.0,660
12.0,0.2857142857142857,0.2857142857142857,0.0,661
12.0,0.2857142857142857,0.2857142857142857,0.0,662
15.0,0.2857142857142857,0.42857142857142855,0.7142857142857142,663
12.0,0.2857142857142857,0.2857142857142857,0.0,664
9.0,0.5714285714285714,0.2857142857142857,-1.4285714285714286,665
12.0,0.2857142857142857,0.2857142857142857,0.0,666
11.0,0.42857142857142855,0.2857142857142857,-0.7142857142857142,667
16.0,0.5714285714285714,0.5714285714285714,0.0,668
11.0,0.2857142857142857,0.2857142857142857,0.0,669
12.0,0.2857142857142857,0.2857142857142857,0.0,670
12.0,0.2857142857142857,0.2857142857142857,0.0,671
12.0,0.2857142857142857,0.2857142857142857,0.0,672
12.0,0.2857142857142857,0.2857142857142857,0.0,673
12.0,0.2857142857142857,0.2857142857142857,0.0,674
12.0,0.2857142857142857,0.2857142857142857,0.0,675
12.0,0.2857142857142857,0.2857142857142857,0.0,676
12.0,0.2857142857142857,0.2857142857142857,0.0,677
12.0,0.2857142857142857,0.2857142857142857,0.0,678
12.0,0.2857142857142857,0.2857142857142857,0.0,679
12.0,0.2857142857142857,0.2857142857142857,0.0,680
20.0,0.2857142857142857,0.5714285714285714,1.4285714285714286,681
14.0,0.14285714285714285,0.2857142857142857,0.7142857142857142,682
12.0,0.2857142857142857,0.2857142857142857,0.0,683
12.0,0.2857142857142857,0.2857142857142857,0.0,684
12.0,0.2857142857142857,0.2857142857142857,0.0,685
12.0,0.2857142857142857,0.2857142857142857,0.0,686
12.0,0.2857142857142857,0.2857142857142857,0.0,687
12.0,0.2857142857142857,0.2857142857142857,0.0,688
12.0,0.2857142857142857,0.2857142857142857,0.0,689
12.0,0.2857142857142857,0.2857142857142857,0.0,690
12.0,0.2857142857142857,0.2857142857142857,0.0,691
12.0,0.2857142857142857,0.2857142857142857,0.0,692
15.0,0.42857142857142855,0.42857142857142855,0.0,693
12.0,0.2857142857142857,0.2857142857142857,0.0,694
12.0,0.2857142857142857,0.2857142857142857,0.0,695
12.0,0.2857142857142857,0.2857142857142857,0.0,696
9.0,0.2857142857142857,0.14285714285714285,-0.7142857142857142,697
12.0,0.2857142857142857,0.2857142857142857,0.0,698
12.0,0.2857142857142857,0.2857142857142857,0.0,699
12.0,0.2857142857142857,0.2857142857142857,0.0,700
10.0,0.14285714285714285,0.14285714285714285,0.0,701
12.0,0.2857142857142857,0.2857142857142857,0.0,702
12.0,0.2857142857142857,0.2857142857142857,0.0,703
12.0,0.2857142857142857,0.2857142857142857,0.0,704
12.0,0.2857142857142857,0.2857142857142857,0.0,705
12.0,0.2857142857142857,0.2857142857142857,0.0,706
12.0,0.2857142857142857,0.2857142857142857,0.0,707
12.0,0.2857142857142857,0.2857142857142857,0.0,708
12.0,0.2857142857142857,0.2857142857142857,0.0,709
12.0,0.2857142857142857,0.2857142857142857,0.0,710
12.0,0.2857142857142857,0.2857142857142857,0.0,711
12.0,0.2857142857142857,0.2857142857142857,0.0,712
12.0,0.2857142857142857,0.2857142857142857,0.0,713
11.0,0.2857142857142857,0.2857142857142857,0.0,714
12.0,0.2857142857142857,0.2857142857142857,0.0,715
12.0,0.2857142857142857,0.2857142857142857,0.0,716
14.0,0.14285714285714285,0.2857142857142857,0.7142857142857142,717
12.0,0.2857142857142857,0.2857142857142857,0.0,718
12.0,0.2857142857142857,0.2857142857142857,0.0,719
12.0,0.2857142857142857,0.2857142857142857,0.0,720
12.0,0.2857142857142857,0.2857142857142857,0.0,721
12.0,0.2857142857142857,0.2857142857142857,0.0,722
12.0,0.2857142857142857,0.2857142857142857,0.0,723
12.0,0.2857142857142857,0.2857142857142857,0.0,724
12.0,0.2857142857142857,0.2857142857142857,0.0,725
12.0,0.2857142857142857,0.2857142857142857,0.0,726
12.0,0.2857142857142857,0.2857142857142857,0.0,727
12.0,0.2857142857142857,0.2857142857142857,0.0,728
12.0,0.2857142857142857,0.2857142857142857,0.0,729
12.0,0.2857142857142857,0.2857142857142857,0.0,730
12.0,0.2857142857142857,0.2857142857142857,0.0,731
12.0,0.2857142857142857,0.2857142857142857,0.0,732
12.0,0.2857142857142857,0.2857142857142857,0.0,733
14.0,0.14285714285714285,0.2857142857142857,0.7142857142857142,734
12.0,0.2857142857142857,0.2857142857142857,0.0,735
12.0,0.2857142857142857,0.2857142857142857,0.0,736
12.0,0.2857142857142857,0.2857142857142857,0.0,737
12.0,0.2857142857142857,0.2857142857142857,0.0,738
12.0,0.2857142857142857,0.2857142857142857,0.0,739
12.0,0.2857142857142857,0.2857142857142857,0.0,740
12.0,0.2857142857142857,0.2857142857142857,0.0,741
12.0,0.2857142857142857,0.2857142857142857,0.0,742
12.0,0.2857142857142857,0.2857142857142857,0.0,743
12.0,0.2857142857142857,0.2857142857142857,0.0,744
11.0,0.2857142857142857,0.2857142857142857,0.0,745
12.0,0.2857142857142857,0.2857142857142857,0.0,746
12.0,0.2857142857142857,0.2857142857142857,0.0,747
12.0,0.2857142857142857,0.2857142857142857,0.0,748
12.0,0.2857142857142857,0.2857142857142857,0.0,749
12.0,0.2857142857142857,0.2857142857142857,0.0,750
12.0,0.2857142857142857,0.2857142857142857,0.0,751
11.0,0.42857142857142855,0.2857142857142857,-0.7142857142857142,752
12.0,0.2857142857142857,0.2857142857142857,0.0,753
12.0,0.2857142857142857,0.2857142857142857,0.0,754
12.0,0.2857142857142857,0.2857142857142857,0.0,755
12.0,0.2857142857142857,0.2857142857142857,0.0,756
7.0,0.42857142857142855,0.14285714285714285,-1.4285714285714284,757
12.0,0.2857142857142857,0.2857142857142857,0.0,758
12.0,0.2857142857142857,0.2857142857142857,0.0,759
12.0,0.2857142857142857,0.2857142857142857,0.0,760
12.0,0.2857142857142857,0.2857142857142857,0.0,761
12.0,0.2857142857142857,0.2857142857142857,0.0,762
12.0,0.2857142857142857,0.2857142857142857,0.0,763
12.0,0.2857142857142857,0.2857142857142857,0.0,764
12.0,0.2857142857142857,0.2857142857142857,0.0,765
12.0,0.2857142857142857,0.2857142857142857,0.0,766
12.0,0.2857142857142857,0.2857142857142857,0.0,767
12.0,0.2857142857142857,0.2857142857142857,0.0,768
12.0,0.2857142857142857,0.2857142857142857,0.0,769
9.0,0.2857142857142857,0.14285714285714285,-0.7142857142857142,770
12.0,0.2857142857142857,0.2857142857142857,0.0,771
12.0,0.2857142857142857,0.2857142857142857,0.0,772
12.0,0.2857142857142857,0.2857142857142857,0.0,773
12.0,0.2857142857142857,0.2857142857142857,0.0,774
12.0,0.2857142857142857,0.2857142857142857,0.0,775
12.0,0.2857142857142857,0.2857142857142857,0.0,776
12.0,0.2857142857142857,0.2857142857142857,0.0,777
12.0,0.2857142857142857,0.2857142857142857,0.0,778
12.0,0.2857142857142857,0.2857142857142857,0.0,779
12.0,0.2857142857142857,0.2857142857142857,0.0,780
12.0,0.2857142857142857,0.2857142857142857,0.0,781
12.0,0.2857142857142857,0.2857142857142857,0.0,782
12.0,0.2857142857142857,0.2857142857142857,0.0,783
12.0,0.2857142857142857,0.2857142857142857,0.0,784
12.0,0.2857142857142857,0.2857142857142857,0.0,785
12.0,0.2857142857142857,0.2857142857142857,0.0,786
16.0,0.2857142857142857,0.42857142857142855,0.7142857142857142,787
12.0,0.2857142857142857,0.2857142857142857,0.0,788
12.0,0.2857142857142857,0.2857142857142857,0.0,789
12.0,0.2857142857142857,0.2857142857142857,0.0,790
12.0,0.2857142857142857,0.2857142857142857,0.0,791
12.0,0.2857142857142857,0.2857142857142857,0.0,792
12.0,0.2857142857142857,0.2857142857142857,0.0,793
12.0,0.2857142857142857,0.2857142857142857,0.0,794
16.0,0.2857142857142857,0.42857142857142855,0.7142857142857142,795
12.0,0.2857142857142857,0.2857142857142857,0.0,796
12.0,0.2857142857142857,0.2857142857142857,0.0,797
12.0,0.2857142857142857,0.2857142857142857,0.0,798
12.0,0.2857142857142857,0.2857142857142857,0.0,799
12.0,0.2857142857142857,0.2857142857142857,0.0,800
12.0,0.2857142857142857,0.2857142857142857,0.0,801
16.0,0.2857142857142857,0.42857142857142855,0.7142857142857142,802
12.0,0.2857142857142857,0.2857142857142857,0.0,803
12.0,0.2857142857142857,0.2857142857142857,0.0,804
12.0,0.2857142857142857,0.2857142857142857,0.0,805
12.0,0.2857142857142857,0.2857142857142857,0.0,806
12.0,0.2857142857142857,0.2857142857142857,0.0,807
12.0,0.2857142857142857,0.2857142857142857,0.0,808
16.0,0.2857142857142857,0.42857142857142855,0.7142857142857142,809
12.0,0.2857142857142857,0.2857142857142857,0.0,810
12.0,0.2857142857142857,0.2857142857142857,0.0,811
12.0,0.2857142857142857,0.2857142857142857,0.0,812
14.0,0.14285714285714285,0.2857142857142857,0.7142857142857142,813
12.0,0.2857142857142857,0.2857142857142857,0.0,814
12.0,0.2857142857142857,0.2857142857142857,0.0,815
12.0,0.2857142857142857,0.2857142857142857,0.0,816
12.0,0.2857142857142857,0.2857142857142857,0.0,817
16.0,0.2857142857142857,0.42857142857142855,0.7142857142857142,818
12.0,0.2857142857142857,0.2857142857142857,0.0,819
12.0,0.2857142857142857,0.2857142857142857,0.0,820
12.0,0.2857142857142857,0.2857142857142857,0.0,821
12.0,0.2857142857142857,0.2857142857142857,0.0,822
12.0,0.2857142857142857,0.2857142857142857,0.0,823
12.0,0.2857142857142857,0.2857142857142857,0.0,824
12.0,0.2857142857142857,0.2857142857142857,0.0,825
16.0,0.2857142857142857,0.42857142857142855,0.7142857142857142,826
12.0,0.2857142857142857,0.2857142857142857,0.0,827
12.0,0.2857142857142857,0.2857142857142857,0.0,828
12.0,0.2857142857142857,0.2857142857142857,0.0,829
12.0,0.2857142857142857,0.2857142857142857,0.0,830
12.0,0.2857142857142857,0.2857142857142857,0.0,831
12.0,0.2857142857142857,0.2857142857142857,0.0,832
14.0,0.14285714285714285,0.2857142857142857,0.7142857142857142,833
12.0,0.2857142857142857,0.2857142857142857,0.0,834
16.0,0.2857142857142857,0.42857142857142855,0.7142857142857142,835
12.0,0.2857142857142857,0.2857142857142857,0.0,836
12.0,0.2857142857142857,0.2857142857142857,0.0,837
12.0,0.2857142857142857,0.2857142857142857,0.0,838
12.0,0.2857142857142857,0.2857142857142857,0.0,839
12.0,0.2857142857142857,0.2857142857142857,0.0,840
12.0,0.2857142857142857,0.2857142857142857,0.0,841
11.0,0.42857142857142855,0.2857142857142857,-0.7142857142857142,842
16.0,0.2857142857142857,0.42857142857142855,0.7142857142857142,843
12.0,0.2857142857142857,0.2857142857142857,0.0,844
12.0,0.2857142857142857,0.2857142857142857,0.0,845
12.0,0.2857142857142857,0.2857142857142857,0.0,846
12.0,0.2857142857142857,0.2857142857142857,0.0,847
12.0,0.2857142857142857,0.2857142857142857,0.0,848
12.0,0.2857142857142857,0.2857142857142857,0.0,849
12.0,0.2857142857142857,0.2857142857142857,0.0,850
12.0,0.2857142857142857,0.2857142857142857,0.0,851
16.0,0.2857142857142857,0.42857142857142855,0.7142857142857142,852
14.0,0.14285714285714285,0.2857142857142857,0.7142857142857142,853
12.0,0.2857142857142857,0.2857142857142857,0.0,854
12.0,0.2857142857142857,0.2857142857142857,0.0,855
12.0,0.2857142857142857,0.2857142857142857,0.0,856
12.0,0.2857142857142857,0.2857142857142857,0.0,857
12.0,0.2857142857142857,0.2857142857142857,0.0,858
12.0,0.2857142857142857,0.2857142857142857,0.0,859
12.0,0.2857142857142857,0.2857142857142857,0.0,860
16.0,0.2857142857142857,0.42857142857142855,0.7142857142857142,861
12.0,0.2857142857142857,0.2857142857142857,0.0,862
12.0,0.2857142857142857,0.2857142857142857,0.0,863
12.0,0.2857142857142857,0.2857142857142857,0.0,864
12.0,0.2857142857142857,0.2857142857142857,0.0,865
12.0,0.2857142857142857,0.2857142857142857,0.0,866
12.0,0.2857142857142857,0.2857142857142857,0.0,867
12.0,0.2857142857142857,0.2857142857142857,0.0,868
16.0,0.2857142857142857,0.42857142857142855,0.7142857142857142,869
12.0,0.2857142857142857,0.2857142857142857,0.0,870
12.0,0.2857142857142857,0.2857142857142857,0.0,871
12.0,0.2857142857142857,0.2857142857142857,0.0,872
12.0,0.2857142857142857,0.2857142857142857,0.0,873
9.0,0.2857142857142857,0.14285714285714285,-0.7142857142857142,874
12.0,0.2857142857142857,0.2857142857142857,0.0,875
12.0,0.2857142857142857,0.2857142857142857,0.0,876
12.0,0.2857142857142857,0.2857142857142857,0.0,877
12.0,0.2857142857142857,0.2857142857142857,0.0,878
9.0,0.2857142857142857,0.14285714285714285,-0.7142857142857142,879
16.0,0.2857142857142857,0.42857142857142855,0.7142857142857142,880
12.0,0.2857142857142857,0.2857142857142857,0.0,881
12.0,0.2857142857142857,0.2857142857142857,0.0,882
12.0,0.2857142857142857,0.2857142857142857,0.0,883
12.0,0.2857142857142857,0.2857142857142857,0.0,884
12.0,0.2857142857142857,0.2857142857142857,0.0,885
12.0,0.2857142857142857,0.2857142857142857,0.0,886
12.0,0.2857142857142857,0.2857142857142857,0.0,887
16.0,0.2857142857142857,0.42857142857142855,0.7142857142857142,888
12.0,0.2857142857142857,0.2857142857142857,0.0,889
12.0,0.2857142857142857,0.2857142857142857,0.0,890
12.0,0.2857142857142857,0.2857142857142857,0.0,891
12.0,0.2857142857142857,0.2857142857142857,0.0,892
12.0,0.2857142857142857,0.2857142857142857,0.0,893
12.0,0.2857142857142857,0.2857142857142857,0.0,894
12.0,0.2857142857142857,0.2857142857142857,0.0,895
12.0,0.2857142857142857,0.2857142857142857,0.0,896
16.0,0.2857142857142857,0.42857142857142855,0.7142857142857142,897
12.0,0.2857142857142857,0.2857142857142857,0.0,898
12.0,0.2857142857142857,0.2857142857142857,0.0,899
12.0,0.2857142857142857,0.2857142857142857,0.0,900
12.0,0.2857142857142857,0.2857142857142857,0.0,901
12.0,0.2857142857142857,0.2857142857142857,0.0,902
12.0,0.2857142857142857,0.2857142857142857,0.0,903
12.0,0.2857142857142857,0.2857142857142857,0.0,904
12.0,0.2857142857142857,0.2857142857142857,0.0,905
16.0,0.2857142857142857,0.42857142857142855,0.7142857142857142,906
12.0,0.2857142857142857,0.2857142857142857,0.0,907
12.0,0.2857142857142857,0.2857142857142857,0.0,908
12.0,0.2857142857142857,0.2857142857142857,0.0,909
12.0,0.2857142857142857,0.2857142857142857,0.0,910
12.0,0.2857142857142857,0.2857142857142857,0.0,911
12.0,0.2857142857142857,0.2857142857142857,0.0,912
12.0,0.2857142857142857,0.2857142857142857,0.0,913
12.0,0.2857142857142857,0.2857142857142857,0.0,914
16.0,0.2857142857142857,0.42857142857142855,0.7142857142857142,915
12.0,0.2857142857142857,0.2857142857142857,0.0,916
12.0,0.2857142857142857,0.2857142857142857,0.0,917
12.0,0.2857142857142857,0.2857142857142857,0.0,918
12.0,0.2857142857142857,0.2857142857142857,0.0,919
12.0,0.2857142857142857,0.2857142857142857,0.0,920
11.0,0.42857142857142855,0.2857142857142857,-0.7142857142857142,921
12.0,0.2857142857142857,0.2857142857142857,0.0,922
12.0,0.2857142857142857,0.2857142857142857,0.0,923
12.0,0.2857142857142857,0.2857142857142857,0.0,924
16.0,0.2857142857142857,0.42857142857142855,0.7142857142857142,925
12.0,0.2857142857142857,0.2857142857142857,0.0,926
12.0,0.2857142857142857,0.2857142857142857,0.0,927
12.0,0.2857142857142857,0.2857142857142857,0.0,928
12.0,0.2857142857142857,0.2857142857142857,0.0,929
12.0,0.2857142857142857,0.2857142857142857,0.0,930
12.0,0.2857142857142857,0.2857142857142857,0.0,931
12.0,0.2857142857142857,0.2857142857142857,0.0,932
12.0,0.2857142857142857,0.2857142857142857,0.0,933
12.0,0.2857142857142857,0.2857142857142857,0.0,934
16.0,0.2857142857142857,0.42857142857142855,0.7142857142857142,935
12.0,0.2857142857142857,0.2857142857142857,0.0,936
12.0,0.2857142857142857,0.2857142857142857,0.0,937
12.0,0.2857142857142857,0.2857142857142857,0.0,938
12.0,0.2857142857142857,0.2857142857142857,0.0,939
12.0,0.2857142857142857,0.2857142857142857,0.0,940
12.0,0.2857142857142857,0.2857142857142857,0.0,941
12.0,0.2857142857142857,0.2857142857142857,0.0,942
12.0,0.2857142857142857,0.2857142857142857,0.0,943
12.0,0.2857142857142857,0.2857142857142857,0.0,944
16.0,0.2857142857142857,0.42857142857142855,0.7142857142857142,945
12.0,0.2857142857142857,0.2857142857142857,0.0,946
12.0,0.2857142857142857,0.2857142857142857,0.0,947
12.0,0.2857142857142857,0.2857142857142857,0.0,948
12.0,0.2857142857142857,0.2857142857142857,0.0,949
14.0,0.14285714285714285,0.2857142857142857,0.7142857142857142,950
12.0,0.2857142857142857,0.2857142857142857,0.0,951
15.0,0.42857142857142855,0.42857142857142855,0.0,952
12.0,0.2857142857142857,0.2857142857142857,0.0,953
12.0,0.2857142857142857,0.2857142857142857,0.0,954
12.0,0.2857142857142857,0.2857142857142857,0.0,955
16.0,0.2857142857142857,0.42857142857142855,0.7142857142857142,956
12.0,0.2857142857142857,0.2857142857142857,0.0,957
12.0,0.2857142857142857,0.2857142857142857,0.0,958
12.0,0.2857142857142857,0.2857142857142857,0.0,959
12.0,0.2857142857142857,0.2857142857142857,0.0,960
12.0,0.2857142857142857,0.2857142857142857,0.0,961
9.0,0.5714285714285714,0.2857142857142857,-1.4285714285714286,962
12.0,0.2857142857142857,0.2857142857142857,0.0,963
12.0,0.2857142857142857,0.2857142857142857,0.0,964
12.0,0.2857142857142857,0.2857142857142857,0.0,965
12.0,0.2857142857142857,0.2857142857142857,0.0,966
12.0,0.2857142857142857,0.2857142857142857,0.0,967
16.0,0.2857142857142857,0.42857142857142855,0.7142857142857142,968
11.0,0.7142857142857143,0.42857142857142855,-1.4285714285714286,969
12.0,0.2857142857142857,0.2857142857142857,0.0,970
12.0,0.2857142857142857,0.2857142857142857,0.0,971
12.0,0.2857142857142857,0.2857142857142857,0.0,972
12.0,0.2857142857142857,0.2857142857142857,0.0,973
12.0,0.2857142857142857,0.2857142857142857,0.0,974
12.0,0.2857142857142857,0.2857142857142857,0.0,975
12.0,0.2857142857142857,0.2857142857142857,0.0,976
12.0,0.2857142857142857,0.2857142857142857,0.0,977
12.0,0.2857142857142857,0.2857142857142857,0.0,978
12.0,0.2857142857142857,0.2857142857142857,0.0,979
16.0,0.5714285714285714,0.5714285714285714,0.0,980
16.0,0.2857142857142857,0.42857142857142855,0.7142857142857142,981
12.0,0.2857142857142857,0.2857142857142857,0.0,982
12.0,0.2857142857142857,0.2857142857142857,0.0,983
12.0,0.2857142857142857,0.2857142857142857,0.0,984
12.0,0.2857142857142857,0.2857142857142857,0.0,985
12.0,0.2857142857142857,0.2857142857142857,0.0,986
12.0,0.2857142857142857,0.2857142857142857,0.0,987
12.0,0.2857142857142857,0.2857142857142857,0.0,988
12.0,0.2857142857142857,0.2857142857142857,0.0,989
12.0,0.2857142857142857,0.2857142857142857,0.0,990
16.0,0.2857142857142857,0.42857142857142855,0.7142857142857142,991
12.0,0.2857142857142857,0.2857142857142857,0.0,992
12.0,0.2857142857142857,0.2857142857142857,0.0,993
11.0,0.42857142857142855,0.2857142857142857,-0.7142857142857142,994
12.0,0.2857142857142857,0.2857142857142857,0.0,995
12.0,0.2857142857142857,0.2857142857142857,0.0,996
12.0,0.2857142857142857,0.2857142857142857,0.0,997
12.0,0.2857142857142857,0.2857142857142857,0.0,998
12.0,0.2857142857142857,0.2857142857142857,0.0,999
12.0,0.2857142857142857,0.2857142857142857,0.0,1000
