episode_reward,coop_rate,opp_coop_rate,reward_difference,episode
22.0,0.7142857142857143,0.8571428571428571,0.7142857142857144,1
18.0,0.7142857142857143,0.7142857142857143,0.0,2
20.0,0.8571428571428571,0.8571428571428571,0.0,3
20.0,0.8571428571428571,0.8571428571428571,0.0,4
19.0,0.7142857142857143,0.7142857142857143,0.0,5
21.0,1.0,1.0,0.0,6
18.0,0.7142857142857143,0.7142857142857143,0.0,7
14.0,0.42857142857142855,0.42857142857142855,0.0,8
20.0,0.8571428571428571,0.8571428571428571,0.0,9
16.0,0.5714285714285714,0.5714285714285714,0.0,10
16.0,0.5714285714285714,0.5714285714285714,0.0,11
20.0,0.8571428571428571,0.8571428571428571,0.0,12
20.0,0.8571428571428571,0.8571428571428571,0.0,13
16.0,0.5714285714285714,0.5714285714285714,0.0,14
18.0,0.7142857142857143,0.7142857142857143,0.0,15
23.0,0.8571428571428571,1.0,0.714285714285714,16
20.0,0.8571428571428571,0.8571428571428571,0.0,17
16.0,0.5714285714285714,0.5714285714285714,0.0,18
18.0,0.7142857142857143,0.7142857142857143,0.0,19
21.0,1.0,1.0,0.0,20
21.0,1.0,1.0,0.0,21
21.0,1.0,1.0,0.0,22
20.0,0.8571428571428571,0.8571428571428571,0.0,23
21.0,1.0,1.0,0.0,24
20.0,0.8571428571428571,0.8571428571428571,0.0,25
20.0,0.8571428571428571,0.8571428571428571,0.0,26
20.0,0.8571428571428571,0.8571428571428571,0.0,27
20.0,0.8571428571428571,0.8571428571428571,0.0,28
21.0,1.0,1.0,0.0,29
21.0,1.0,1.0,0.0,30
21.0,1.0,1.0,0.0,31
21.0,1.0,1.0,0.0,32
21.0,1.0,1.0,0.0,33
21.0,1.0,1.0,0.0,34
20.0,0.8571428571428571,0.8571428571428571,0.0,35
21.0,1.0,1.0,0.0,36
21.0,1.0,1.0,0.0,37
21.0,1.0,1.0,0.0,38
21.0,1.0,1.0,0.0,39
21.0,1.0,1.0,0.0,40
21.0,1.0,1.0,0.0,41
21.0,1.0,1.0,0.0,42
21.0,1.0,1.0,0.0,43
21.0,1.0,1.0,0.0,44
21.0,1.0,1.0,0.0,45
21.0,1.0,1.0,0.0,46
21.0,1.0,1.0,0.0,47
21.0,1.0,1.0,0.0,48
21.0,1.0,1.0,0.0,49
21.0,1.0,1.0,0.0,50
20.0,0.8571428571428571,0.8571428571428571,0.0,51
21.0,1.0,1.0,0.0,52
21.0,1.0,1.0,0.0,53
21.0,1.0,1.0,0.0,54
21.0,1.0,1.0,0.0,55
21.0,1.0,1.0,0.0,56
21.0,1.0,1.0,0.0,57
20.0,0.8571428571428571,0.8571428571428571,0.0,58
20.0,0.8571428571428571,0.8571428571428571,0.0,59
21.0,1.0,1.0,0.0,60
21.0,1.0,1.0,0.0,61
21.0,1.0,1.0,0.0,62
21.0,1.0,1.0,0.0,63
21.0,1.0,1.0,0.0,64
21.0,1.0,1.0,0.0,65
21.0,1.0,1.0,0.0,66
21.0,1.0,1.0,0.0,67
21.0,1.0,1.0,0.0,68
21.0,1.0,1.0,0.0,69
21.0,1.0,1.0,0.0,70
21.0,1.0,1.0,0.0,71
20.0,0.8571428571428571,0.8571428571428571,0.0,72
21.0,1.0,1.0,0.0,73
21.0,1.0,1.0,0.0,74
20.0,0.8571428571428571,0.8571428571428571,0.0,75
20.0,0.8571428571428571,0.8571428571428571,0.0,76
20.0,0.8571428571428571,0.8571428571428571,0.0,77
20.0,0.8571428571428571,0.8571428571428571,0.0,78
20.0,0.8571428571428571,0.8571428571428571,0.0,79
20.0,0.8571428571428571,0.8571428571428571,0.0,80
21.0,1.0,1.0,0.0,81
21.0,1.0,1.0,0.0,82
23.0,0.8571428571428571,1.0,0.714285714285714,83
20.0,0.8571428571428571,0.8571428571428571,0.0,84
20.0,0.8571428571428571,0.8571428571428571,0.0,85
20.0,0.8571428571428571,0.8571428571428571,0.0,86
21.0,1.0,1.0,0.0,87
21.0,1.0,1.0,0.0,88
18.0,0.7142857142857143,0.7142857142857143,0.0,89
21.0,1.0,1.0,0.0,90
21.0,1.0,1.0,0.0,91
21.0,1.0,1.0,0.0,92
21.0,1.0,1.0,0.0,93
21.0,1.0,1.0,0.0,94
21.0,1.0,1.0,0.0,95
21.0,1.0,1.0,0.0,96
21.0,1.0,1.0,0.0,97
21.0,1.0,1.0,0.0,98
21.0,1.0,1.0,0.0,99
21.0,1.0,1.0,0.0,100
21.0,1.0,1.0,0.0,101
21.0,1.0,1.0,0.0,102
19.0,0.7142857142857143,0.7142857142857143,0.0,103
21.0,1.0,1.0,0.0,104
21.0,1.0,1.0,0.0,105
21.0,1.0,1.0,0.0,106
21.0,1.0,1.0,0.0,107
20.0,0.5714285714285714,0.7142857142857143,0.7142857142857144,108
21.0,1.0,1.0,0.0,109
20.0,0.8571428571428571,0.8571428571428571,0.0,110
23.0,0.8571428571428571,1.0,0.714285714285714,111
20.0,0.8571428571428571,0.8571428571428571,0.0,112
21.0,1.0,1.0,0.0,113
21.0,1.0,1.0,0.0,114
21.0,1.0,1.0,0.0,115
21.0,1.0,1.0,0.0,116
21.0,1.0,1.0,0.0,117
21.0,1.0,1.0,0.0,118
21.0,1.0,1.0,0.0,119
20.0,0.8571428571428571,0.8571428571428571,0.0,120
20.0,0.8571428571428571,0.8571428571428571,0.0,121
21.0,1.0,1.0,0.0,122
20.0,0.8571428571428571,0.8571428571428571,0.0,123
21.0,1.0,1.0,0.0,124
20.0,0.8571428571428571,0.8571428571428571,0.0,125
19.0,0.5714285714285714,0.7142857142857143,0.7142857142857144,126
21.0,1.0,1.0,0.0,127
21.0,1.0,1.0,0.0,128
21.0,1.0,1.0,0.0,129
21.0,1.0,1.0,0.0,130
21.0,1.0,1.0,0.0,131
21.0,1.0,1.0,0.0,132
21.0,1.0,1.0,0.0,133
19.0,0.7142857142857143,0.7142857142857143,0.0,134
21.0,1.0,1.0,0.0,135
21.0,1.0,1.0,0.0,136
19.0,0.7142857142857143,0.7142857142857143,0.0,137
20.0,0.8571428571428571,0.8571428571428571,0.0,138
17.0,0.5714285714285714,0.5714285714285714,0.0,139
20.0,0.8571428571428571,0.8571428571428571,0.0,140
21.0,1.0,1.0,0.0,141
21.0,1.0,1.0,0.0,142
21.0,1.0,1.0,0.0,143
21.0,1.0,1.0,0.0,144
20.0,0.8571428571428571,0.8571428571428571,0.0,145
20.0,0.8571428571428571,0.8571428571428571,0.0,146
21.0,1.0,1.0,0.0,147
21.0,1.0,1.0,0.0,148
21.0,1.0,1.0,0.0,149
21.0,1.0,1.0,0.0,150
21.0,1.0,1.0,0.0,151
21.0,1.0,1.0,0.0,152
21.0,1.0,1.0,0.0,153
21.0,1.0,1.0,0.0,154
22.0,0.7142857142857143,0.8571428571428571,0.7142857142857144,155
20.0,0.8571428571428571,0.8571428571428571,0.0,156
21.0,1.0,1.0,0.0,157
20.0,0.8571428571428571,0.8571428571428571,0.0,158
21.0,1.0,1.0,0.0,159
20.0,0.8571428571428571,0.8571428571428571,0.0,160
21.0,1.0,1.0,0.0,161
20.0,0.8571428571428571,0.8571428571428571,0.0,162
20.0,0.8571428571428571,0.8571428571428571,0.0,163
21.0,1.0,1.0,0.0,164
21.0,1.0,1.0,0.0,165
21.0,1.0,1.0,0.0,166
21.0,1.0,1.0,0.0,167
21.0,1.0,1.0,0.0,168
20.0,0.8571428571428571,0.8571428571428571,0.0,169
21.0,1.0,1.0,0.0,170
21.0,1.0,1.0,0.0,171
20.0,0.8571428571428571,0.8571428571428571,0.0,172
17.0,0.42857142857142855,0.5714285714285714,0.7142857142857142,173
11.0,0.0,0.14285714285714285,0.7142857142857143,174
11.0,0.0,0.14285714285714285,0.7142857142857143,175
11.0,0.0,0.14285714285714285,0.7142857142857143,176
14.0,0.14285714285714285,0.2857142857142857,0.7142857142857142,177
11.0,0.0,0.14285714285714285,0.7142857142857143,178
11.0,0.0,0.14285714285714285,0.7142857142857143,179
14.0,0.14285714285714285,0.2857142857142857,0.7142857142857142,180
11.0,0.0,0.14285714285714285,0.7142857142857143,181
10.0,0.14285714285714285,0.14285714285714285,0.0,182
11.0,0.0,0.14285714285714285,0.7142857142857143,183
11.0,0.0,0.14285714285714285,0.7142857142857143,184
11.0,0.0,0.14285714285714285,0.7142857142857143,185
16.0,0.2857142857142857,0.42857142857142855,0.7142857142857142,186
11.0,0.0,0.14285714285714285,0.7142857142857143,187
11.0,0.0,0.14285714285714285,0.7142857142857143,188
14.0,0.14285714285714285,0.2857142857142857,0.7142857142857142,189
11.0,0.0,0.14285714285714285,0.7142857142857143,190
11.0,0.0,0.14285714285714285,0.7142857142857143,191
11.0,0.0,0.14285714285714285,0.7142857142857143,192
11.0,0.0,0.14285714285714285,0.7142857142857143,193
11.0,0.0,0.14285714285714285,0.7142857142857143,194
11.0,0.0,0.14285714285714285,0.7142857142857143,195
11.0,0.0,0.14285714285714285,0.7142857142857143,196
13.0,0.14285714285714285,0.2857142857142857,0.7142857142857144,197
11.0,0.0,0.14285714285714285,0.7142857142857143,198
14.0,0.14285714285714285,0.2857142857142857,0.7142857142857142,199
11.0,0.0,0.14285714285714285,0.7142857142857143,200
11.0,0.0,0.14285714285714285,0.7142857142857143,201
10.0,0.14285714285714285,0.14285714285714285,0.0,202
11.0,0.0,0.14285714285714285,0.7142857142857143,203
11.0,0.0,0.14285714285714285,0.7142857142857143,204
11.0,0.0,0.14285714285714285,0.7142857142857143,205
11.0,0.0,0.14285714285714285,0.7142857142857143,206
11.0,0.0,0.14285714285714285,0.7142857142857143,207
11.0,0.0,0.14285714285714285,0.7142857142857143,208
11.0,0.0,0.14285714285714285,0.7142857142857143,209
11.0,0.0,0.14285714285714285,0.7142857142857143,210
11.0,0.0,0.14285714285714285,0.7142857142857143,211
11.0,0.0,0.14285714285714285,0.7142857142857143,212
14.0,0.14285714285714285,0.2857142857142857,0.7142857142857142,213
14.0,0.14285714285714285,0.2857142857142857,0.7142857142857142,214
16.0,0.2857142857142857,0.42857142857142855,0.7142857142857142,215
11.0,0.0,0.14285714285714285,0.7142857142857143,216
14.0,0.14285714285714285,0.2857142857142857,0.7142857142857142,217
11.0,0.0,0.14285714285714285,0.7142857142857143,218
11.0,0.0,0.14285714285714285,0.7142857142857143,219
14.0,0.14285714285714285,0.2857142857142857,0.7142857142857142,220
11.0,0.0,0.14285714285714285,0.7142857142857143,221
11.0,0.0,0.14285714285714285,0.7142857142857143,222
16.0,0.2857142857142857,0.42857142857142855,0.7142857142857142,223
12.0,0.2857142857142857,0.2857142857142857,0.0,224
14.0,0.42857142857142855,0.42857142857142855,0.0,225
21.0,1.0,1.0,0.0,226
21.0,1.0,1.0,0.0,227
20.0,0.8571428571428571,0.8571428571428571,0.0,228
19.0,0.7142857142857143,0.7142857142857143,0.0,229
21.0,1.0,1.0,0.0,230
21.0,1.0,1.0,0.0,231
21.0,1.0,1.0,0.0,232
21.0,1.0,1.0,0.0,233
21.0,1.0,1.0,0.0,234
21.0,1.0,1.0,0.0,235
21.0,0.7142857142857143,0.8571428571428571,0.7142857142857144,236
14.0,0.14285714285714285,0.2857142857142857,0.7142857142857142,237
11.0,0.0,0.14285714285714285,0.7142857142857143,238
11.0,0.0,0.14285714285714285,0.7142857142857143,239
11.0,0.0,0.14285714285714285,0.7142857142857143,240
15.0,0.42857142857142855,0.42857142857142855,0.0,241
21.0,1.0,1.0,0.0,242
21.0,1.0,1.0,0.0,243
21.0,1.0,1.0,0.0,244
21.0,1.0,1.0,0.0,245
23.0,0.8571428571428571,1.0,0.714285714285714,246
23.0,0.8571428571428571,1.0,0.714285714285714,247
21.0,1.0,1.0,0.0,248
22.0,0.7142857142857143,0.8571428571428571,0.7142857142857144,249
20.0,0.8571428571428571,0.8571428571428571,0.0,250
21.0,1.0,1.0,0.0,251
21.0,1.0,1.0,0.0,252
21.0,1.0,1.0,0.0,253
21.0,1.0,1.0,0.0,254
20.0,0.8571428571428571,0.8571428571428571,0.0,255
21.0,1.0,1.0,0.0,256
21.0,1.0,1.0,0.0,257
21.0,1.0,1.0,0.0,258
21.0,1.0,1.0,0.0,259
21.0,1.0,1.0,0.0,260
21.0,1.0,1.0,0.0,261
21.0,1.0,1.0,0.0,262
21.0,1.0,1.0,0.0,263
20.0,0.8571428571428571,0.8571428571428571,0.0,264
21.0,1.0,1.0,0.0,265
21.0,1.0,1.0,0.0,266
20.0,0.8571428571428571,0.8571428571428571,0.0,267
21.0,1.0,1.0,0.0,268
21.0,1.0,1.0,0.0,269
21.0,1.0,1.0,0.0,270
20.0,0.8571428571428571,0.8571428571428571,0.0,271
21.0,1.0,1.0,0.0,272
20.0,0.8571428571428571,0.8571428571428571,0.0,273
20.0,0.8571428571428571,0.8571428571428571,0.0,274
21.0,1.0,1.0,0.0,275
21.0,1.0,1.0,0.0,276
20.0,0.8571428571428571,0.8571428571428571,0.0,277
21.0,1.0,1.0,0.0,278
21.0,1.0,1.0,0.0,279
21.0,0.7142857142857143,0.8571428571428571,0.7142857142857144,280
21.0,0.7142857142857143,0.8571428571428571,0.7142857142857144,281
14.0,0.14285714285714285,0.2857142857142857,0.7142857142857142,282
11.0,0.0,0.14285714285714285,0.7142857142857143,283
11.0,0.0,0.14285714285714285,0.7142857142857143,284
15.0,0.42857142857142855,0.42857142857142855,0.0,285
21.0,1.0,1.0,0.0,286
21.0,1.0,1.0,0.0,287
20.0,0.8571428571428571,0.8571428571428571,0.0,288
21.0,1.0,1.0,0.0,289
20.0,0.8571428571428571,0.8571428571428571,0.0,290
21.0,1.0,1.0,0.0,291
21.0,1.0,1.0,0.0,292
20.0,0.8571428571428571,0.8571428571428571,0.0,293
21.0,1.0,1.0,0.0,294
21.0,1.0,1.0,0.0,295
20.0,0.8571428571428571,0.8571428571428571,0.0,296
21.0,1.0,1.0,0.0,297
23.0,0.8571428571428571,1.0,0.714285714285714,298
21.0,1.0,1.0,0.0,299
19.0,0.7142857142857143,0.7142857142857143,0.0,300
21.0,1.0,1.0,0.0,301
21.0,1.0,1.0,0.0,302
18.0,0.7142857142857143,0.7142857142857143,0.0,303
21.0,1.0,1.0,0.0,304
21.0,1.0,1.0,0.0,305
23.0,0.8571428571428571,1.0,0.714285714285714,306
11.0,0.0,0.14285714285714285,0.7142857142857143,307
13.0,0.2857142857142857,0.2857142857142857,0.0,308
11.0,0.0,0.14285714285714285,0.7142857142857143,309
11.0,0.0,0.14285714285714285,0.7142857142857143,310
14.0,0.14285714285714285,0.2857142857142857,0.7142857142857142,311
11.0,0.0,0.14285714285714285,0.7142857142857143,312
11.0,0.0,0.14285714285714285,0.7142857142857143,313
12.0,0.2857142857142857,0.2857142857142857,0.0,314
21.0,1.0,1.0,0.0,315
20.0,0.8571428571428571,0.8571428571428571,0.0,316
21.0,1.0,1.0,0.0,317
21.0,1.0,1.0,0.0,318
20.0,0.8571428571428571,0.8571428571428571,0.0,319
21.0,1.0,1.0,0.0,320
21.0,1.0,1.0,0.0,321
21.0,1.0,1.0,0.0,322
21.0,1.0,1.0,0.0,323
21.0,1.0,1.0,0.0,324
21.0,1.0,1.0,0.0,325
18.0,0.7142857142857143,0.7142857142857143,0.0,326
21.0,1.0,1.0,0.0,327
21.0,1.0,1.0,0.0,328
21.0,1.0,1.0,0.0,329
21.0,1.0,1.0,0.0,330
21.0,1.0,1.0,0.0,331
21.0,1.0,1.0,0.0,332
21.0,1.0,1.0,0.0,333
21.0,1.0,1.0,0.0,334
21.0,1.0,1.0,0.0,335
21.0,1.0,1.0,0.0,336
19.0,0.5714285714285714,0.7142857142857143,0.7142857142857144,337
11.0,0.0,0.14285714285714285,0.7142857142857143,338
14.0,0.14285714285714285,0.2857142857142857,0.7142857142857142,339
11.0,0.0,0.14285714285714285,0.7142857142857143,340
14.0,0.14285714285714285,0.2857142857142857,0.7142857142857142,341
11.0,0.0,0.14285714285714285,0.7142857142857143,342
14.0,0.14285714285714285,0.2857142857142857,0.7142857142857142,343
21.0,1.0,1.0,0.0,344
21.0,1.0,1.0,0.0,345
21.0,1.0,1.0,0.0,346
20.0,0.8571428571428571,0.8571428571428571,0.0,347
20.0,0.8571428571428571,0.8571428571428571,0.0,348
20.0,0.8571428571428571,0.8571428571428571,0.0,349
21.0,1.0,1.0,0.0,350
21.0,1.0,1.0,0.0,351
21.0,1.0,1.0,0.0,352
21.0,1.0,1.0,0.0,353
20.0,0.8571428571428571,0.8571428571428571,0.0,354
21.0,1.0,1.0,0.0,355
21.0,1.0,1.0,0.0,356
21.0,1.0,1.0,0.0,357
21.0,1.0,1.0,0.0,358
21.0,1.0,1.0,0.0,359
21.0,1.0,1.0,0.0,360
21.0,1.0,1.0,0.0,361
21.0,1.0,1.0,0.0,362
20.0,0.8571428571428571,0.8571428571428571,0.0,363
21.0,1.0,1.0,0.0,364
21.0,1.0,1.0,0.0,365
21.0,1.0,1.0,0.0,366
20.0,0.8571428571428571,0.8571428571428571,0.0,367
21.0,1.0,1.0,0.0,368
21.0,1.0,1.0,0.0,369
18.0,0.7142857142857143,0.7142857142857143,0.0,370
21.0,1.0,1.0,0.0,371
21.0,1.0,1.0,0.0,372
21.0,1.0,1.0,0.0,373
21.0,1.0,1.0,0.0,374
21.0,1.0,1.0,0.0,375
21.0,1.0,1.0,0.0,376
21.0,1.0,1.0,0.0,377
21.0,1.0,1.0,0.0,378
21.0,1.0,1.0,0.0,379
21.0,1.0,1.0,0.0,380
14.0,0.14285714285714285,0.2857142857142857,0.7142857142857142,381
11.0,0.0,0.14285714285714285,0.7142857142857143,382
14.0,0.42857142857142855,0.42857142857142855,0.0,383
23.0,0.8571428571428571,1.0,0.714285714285714,384
12.0,0.2857142857142857,0.2857142857142857,0.0,385
11.0,0.0,0.14285714285714285,0.7142857142857143,386
11.0,0.0,0.14285714285714285,0.7142857142857143,387
11.0,0.0,0.14285714285714285,0.7142857142857143,388
11.0,0.0,0.14285714285714285,0.7142857142857143,389
11.0,0.0,0.14285714285714285,0.7142857142857143,390
13.0,0.2857142857142857,0.2857142857142857,0.0,391
20.0,0.8571428571428571,0.8571428571428571,0.0,392
21.0,1.0,1.0,0.0,393
20.0,0.8571428571428571,0.8571428571428571,0.0,394
18.0,0.7142857142857143,0.7142857142857143,0.0,395
19.0,0.7142857142857143,0.7142857142857143,0.0,396
15.0,0.42857142857142855,0.42857142857142855,0.0,397
21.0,1.0,1.0,0.0,398
21.0,1.0,1.0,0.0,399
17.0,0.42857142857142855,0.5714285714285714,0.7142857142857142,400
11.0,0.0,0.14285714285714285,0.7142857142857143,401
13.0,0.14285714285714285,0.2857142857142857,0.7142857142857144,402
14.0,0.14285714285714285,0.2857142857142857,0.7142857142857142,403
11.0,0.0,0.14285714285714285,0.7142857142857143,404
11.0,0.0,0.14285714285714285,0.7142857142857143,405
11.0,0.0,0.14285714285714285,0.7142857142857143,406
13.0,0.14285714285714285,0.2857142857142857,0.7142857142857144,407
16.0,0.5714285714285714,0.5714285714285714,0.0,408
21.0,1.0,1.0,0.0,409
20.0,0.8571428571428571,0.8571428571428571,0.0,410
21.0,1.0,1.0,0.0,411
20.0,0.8571428571428571,0.8571428571428571,0.0,412
20.0,0.8571428571428571,0.8571428571428571,0.0,413
21.0,1.0,1.0,0.0,414
21.0,1.0,1.0,0.0,415
21.0,1.0,1.0,0.0,416
20.0,0.8571428571428571,0.8571428571428571,0.0,417
21.0,1.0,1.0,0.0,418
23.0,0.8571428571428571,1.0,0.714285714285714,419
21.0,1.0,1.0,0.0,420
21.0,1.0,1.0,0.0,421
21.0,1.0,1.0,0.0,422
20.0,0.8571428571428571,0.8571428571428571,0.0,423
21.0,1.0,1.0,0.0,424
20.0,0.8571428571428571,0.8571428571428571,0.0,425
20.0,0.8571428571428571,0.8571428571428571,0.0,426
21.0,0.7142857142857143,0.8571428571428571,0.7142857142857144,427
21.0,1.0,1.0,0.0,428
21.0,1.0,1.0,0.0,429
13.0,0.14285714285714285,0.2857142857142857,0.7142857142857144,430
11.0,0.0,0.14285714285714285,0.7142857142857143,431
11.0,0.0,0.14285714285714285,0.7142857142857143,432
20.0,0.8571428571428571,0.8571428571428571,0.0,433
21.0,1.0,1.0,0.0,434
20.0,0.8571428571428571,0.8571428571428571,0.0,435
15.0,0.2857142857142857,0.42857142857142855,0.7142857142857142,436
11.0,0.0,0.14285714285714285,0.7142857142857143,437
10.0,0.14285714285714285,0.14285714285714285,0.0,438
20.0,0.8571428571428571,0.8571428571428571,0.0,439
21.0,1.0,1.0,0.0,440
20.0,0.8571428571428571,0.8571428571428571,0.0,441
21.0,1.0,1.0,0.0,442
20.0,0.8571428571428571,0.8571428571428571,0.0,443
20.0,0.8571428571428571,0.8571428571428571,0.0,444
21.0,1.0,1.0,0.0,445
21.0,1.0,1.0,0.0,446
21.0,1.0,1.0,0.0,447
21.0,1.0,1.0,0.0,448
21.0,1.0,1.0,0.0,449
20.0,0.8571428571428571,0.8571428571428571,0.0,450
21.0,1.0,1.0,0.0,451
21.0,1.0,1.0,0.0,452
23.0,0.8571428571428571,1.0,0.714285714285714,453
20.0,0.8571428571428571,0.8571428571428571,0.0,454
19.0,0.7142857142857143,0.7142857142857143,0.0,455
20.0,0.8571428571428571,0.8571428571428571,0.0,456
21.0,1.0,1.0,0.0,457
21.0,1.0,1.0,0.0,458
20.0,0.8571428571428571,0.8571428571428571,0.0,459
21.0,1.0,1.0,0.0,460
15.0,0.2857142857142857,0.42857142857142855,0.7142857142857142,461
14.0,0.14285714285714285,0.2857142857142857,0.7142857142857142,462
11.0,0.0,0.14285714285714285,0.7142857142857143,463
11.0,0.0,0.14285714285714285,0.7142857142857143,464
11.0,0.0,0.14285714285714285,0.7142857142857143,465
11.0,0.0,0.14285714285714285,0.7142857142857143,466
11.0,0.0,0.14285714285714285,0.7142857142857143,467
11.0,0.0,0.14285714285714285,0.7142857142857143,468
11.0,0.0,0.14285714285714285,0.7142857142857143,469
13.0,0.14285714285714285,0.2857142857142857,0.7142857142857144,470
21.0,1.0,1.0,0.0,471
21.0,1.0,1.0,0.0,472
21.0,1.0,1.0,0.0,473
21.0,1.0,1.0,0.0,474
21.0,1.0,1.0,0.0,475
21.0,1.0,1.0,0.0,476
20.0,0.8571428571428571,0.8571428571428571,0.0,477
23.0,0.8571428571428571,1.0,0.714285714285714,478
21.0,1.0,1.0,0.0,479
21.0,1.0,1.0,0.0,480
22.0,0.7142857142857143,0.8571428571428571,0.7142857142857144,481
21.0,1.0,1.0,0.0,482
21.0,1.0,1.0,0.0,483
21.0,1.0,1.0,0.0,484
11.0,0.0,0.14285714285714285,0.7142857142857143,485
14.0,0.14285714285714285,0.2857142857142857,0.7142857142857142,486
11.0,0.0,0.14285714285714285,0.7142857142857143,487
14.0,0.14285714285714285,0.2857142857142857,0.7142857142857142,488
10.0,0.14285714285714285,0.14285714285714285,0.0,489
21.0,1.0,1.0,0.0,490
21.0,1.0,1.0,0.0,491
21.0,1.0,1.0,0.0,492
20.0,0.8571428571428571,0.8571428571428571,0.0,493
21.0,1.0,1.0,0.0,494
21.0,1.0,1.0,0.0,495
13.0,0.14285714285714285,0.2857142857142857,0.7142857142857144,496
15.0,0.42857142857142855,0.42857142857142855,0.0,497
21.0,1.0,1.0,0.0,498
21.0,1.0,1.0,0.0,499
21.0,1.0,1.0,0.0,500
20.0,0.8571428571428571,0.8571428571428571,0.0,501
21.0,1.0,1.0,0.0,502
21.0,1.0,1.0,0.0,503
20.0,0.8571428571428571,0.8571428571428571,0.0,504
20.0,0.8571428571428571,0.8571428571428571,0.0,505
22.0,0.7142857142857143,0.8571428571428571,0.7142857142857144,506
21.0,1.0,1.0,0.0,507
21.0,1.0,1.0,0.0,508
20.0,0.8571428571428571,0.8571428571428571,0.0,509
20.0,0.8571428571428571,0.8571428571428571,0.0,510
20.0,0.8571428571428571,0.8571428571428571,0.0,511
18.0,0.7142857142857143,0.7142857142857143,0.0,512
20.0,0.8571428571428571,0.8571428571428571,0.0,513
23.0,0.8571428571428571,1.0,0.714285714285714,514
21.0,1.0,1.0,0.0,515
21.0,1.0,1.0,0.0,516
20.0,0.8571428571428571,0.8571428571428571,0.0,517
21.0,1.0,1.0,0.0,518
21.0,1.0,1.0,0.0,519
20.0,0.8571428571428571,0.8571428571428571,0.0,520
11.0,0.0,0.14285714285714285,0.7142857142857143,521
11.0,0.0,0.14285714285714285,0.7142857142857143,522
14.0,0.14285714285714285,0.2857142857142857,0.7142857142857142,523
12.0,0.2857142857142857,0.2857142857142857,0.0,524
21.0,1.0,1.0,0.0,525
21.0,1.0,1.0,0.0,526
21.0,1.0,1.0,0.0,527
23.0,0.8571428571428571,1.0,0.714285714285714,528
21.0,1.0,1.0,0.0,529
19.0,0.7142857142857143,0.7142857142857143,0.0,530
21.0,1.0,1.0,0.0,531
21.0,1.0,1.0,0.0,532
20.0,0.8571428571428571,0.8571428571428571,0.0,533
21.0,1.0,1.0,0.0,534
20.0,0.8571428571428571,0.8571428571428571,0.0,535
21.0,1.0,1.0,0.0,536
23.0,0.8571428571428571,1.0,0.714285714285714,537
21.0,1.0,1.0,0.0,538
21.0,0.7142857142857143,0.8571428571428571,0.7142857142857144,539
11.0,0.0,0.14285714285714285,0.7142857142857143,540
11.0,0.0,0.14285714285714285,0.7142857142857143,541
11.0,0.0,0.14285714285714285,0.7142857142857143,542
11.0,0.0,0.14285714285714285,0.7142857142857143,543
10.0,0.14285714285714285,0.14285714285714285,0.0,544
21.0,1.0,1.0,0.0,545
22.0,0.7142857142857143,0.8571428571428571,0.7142857142857144,546
21.0,1.0,1.0,0.0,547
19.0,0.7142857142857143,0.7142857142857143,0.0,548
21.0,1.0,1.0,0.0,549
21.0,1.0,1.0,0.0,550
21.0,1.0,1.0,0.0,551
21.0,1.0,1.0,0.0,552
23.0,0.8571428571428571,1.0,0.714285714285714,553
11.0,0.0,0.14285714285714285,0.7142857142857143,554
11.0,0.0,0.14285714285714285,0.7142857142857143,555
11.0,0.0,0.14285714285714285,0.7142857142857143,556
14.0,0.14285714285714285,0.2857142857142857,0.7142857142857142,557
20.0,0.8571428571428571,0.8571428571428571,0.0,558
21.0,1.0,1.0,0.0,559
21.0,1.0,1.0,0.0,560
21.0,1.0,1.0,0.0,561
21.0,1.0,1.0,0.0,562
21.0,1.0,1.0,0.0,563
13.0,0.14285714285714285,0.2857142857142857,0.7142857142857144,564
16.0,0.5714285714285714,0.5714285714285714,0.0,565
21.0,1.0,1.0,0.0,566
21.0,1.0,1.0,0.0,567
21.0,1.0,1.0,0.0,568
21.0,1.0,1.0,0.0,569
20.0,0.8571428571428571,0.8571428571428571,0.0,570
21.0,1.0,1.0,0.0,571
21.0,1.0,1.0,0.0,572
20.0,0.8571428571428571,0.8571428571428571,0.0,573
21.0,1.0,1.0,0.0,574
21.0,1.0,1.0,0.0,575
20.0,0.8571428571428571,0.8571428571428571,0.0,576
20.0,0.8571428571428571,0.8571428571428571,0.0,577
21.0,1.0,1.0,0.0,578
21.0,1.0,1.0,0.0,579
21.0,1.0,1.0,0.0,580
21.0,1.0,1.0,0.0,581
20.0,0.8571428571428571,0.8571428571428571,0.0,582
21.0,1.0,1.0,0.0,583
20.0,0.8571428571428571,0.8571428571428571,0.0,584
21.0,1.0,1.0,0.0,585
20.0,0.8571428571428571,0.8571428571428571,0.0,586
21.0,1.0,1.0,0.0,587
21.0,1.0,1.0,0.0,588
21.0,1.0,1.0,0.0,589
21.0,1.0,1.0,0.0,590
21.0,1.0,1.0,0.0,591
20.0,0.8571428571428571,0.8571428571428571,0.0,592
21.0,1.0,1.0,0.0,593
21.0,1.0,1.0,0.0,594
21.0,1.0,1.0,0.0,595
21.0,1.0,1.0,0.0,596
21.0,1.0,1.0,0.0,597
21.0,1.0,1.0,0.0,598
20.0,0.8571428571428571,0.8571428571428571,0.0,599
21.0,1.0,1.0,0.0,600
21.0,1.0,1.0,0.0,601
21.0,1.0,1.0,0.0,602
21.0,1.0,1.0,0.0,603
20.0,0.8571428571428571,0.8571428571428571,0.0,604
21.0,1.0,1.0,0.0,605
21.0,1.0,1.0,0.0,606
21.0,1.0,1.0,0.0,607
21.0,1.0,1.0,0.0,608
21.0,1.0,1.0,0.0,609
19.0,0.5714285714285714,0.7142857142857143,0.7142857142857144,610
16.0,0.2857142857142857,0.42857142857142855,0.7142857142857142,611
11.0,0.0,0.14285714285714285,0.7142857142857143,612
14.0,0.42857142857142855,0.42857142857142855,0.0,613
21.0,1.0,1.0,0.0,614
21.0,1.0,1.0,0.0,615
21.0,1.0,1.0,0.0,616
20.0,0.8571428571428571,0.8571428571428571,0.0,617
21.0,1.0,1.0,0.0,618
21.0,1.0,1.0,0.0,619
21.0,1.0,1.0,0.0,620
21.0,1.0,1.0,0.0,621
21.0,1.0,1.0,0.0,622
20.0,0.8571428571428571,0.8571428571428571,0.0,623
22.0,0.7142857142857143,0.8571428571428571,0.7142857142857144,624
12.0,0.2857142857142857,0.2857142857142857,0.0,625
11.0,0.0,0.14285714285714285,0.7142857142857143,626
11.0,0.0,0.14285714285714285,0.7142857142857143,627
11.0,0.0,0.14285714285714285,0.7142857142857143,628
14.0,0.14285714285714285,0.2857142857142857,0.7142857142857142,629
11.0,0.0,0.14285714285714285,0.7142857142857143,630
18.0,0.7142857142857143,0.7142857142857143,0.0,631
21.0,1.0,1.0,0.0,632
20.0,0.8571428571428571,0.8571428571428571,0.0,633
21.0,1.0,1.0,0.0,634
21.0,1.0,1.0,0.0,635
21.0,1.0,1.0,0.0,636
11.0,0.0,0.14285714285714285,0.7142857142857143,637
11.0,0.0,0.14285714285714285,0.7142857142857143,638
14.0,0.14285714285714285,0.2857142857142857,0.7142857142857142,639
13.0,0.2857142857142857,0.2857142857142857,0.0,640
20.0,0.8571428571428571,0.8571428571428571,0.0,641
21.0,1.0,1.0,0.0,642
21.0,1.0,1.0,0.0,643
21.0,1.0,1.0,0.0,644
21.0,1.0,1.0,0.0,645
21.0,1.0,1.0,0.0,646
20.0,0.8571428571428571,0.8571428571428571,0.0,647
21.0,1.0,1.0,0.0,648
20.0,0.8571428571428571,0.8571428571428571,0.0,649
21.0,1.0,1.0,0.0,650
21.0,1.0,1.0,0.0,651
21.0,1.0,1.0,0.0,652
21.0,1.0,1.0,0.0,653
21.0,1.0,1.0,0.0,654
21.0,1.0,1.0,0.0,655
21.0,1.0,1.0,0.0,656
21.0,1.0,1.0,0.0,657
23.0,0.8571428571428571,1.0,0.714285714285714,658
14.0,0.42857142857142855,0.42857142857142855,0.0,659
20.0,0.8571428571428571,0.8571428571428571,0.0,660
21.0,1.0,1.0,0.0,661
21.0,1.0,1.0,0.0,662
21.0,1.0,1.0,0.0,663
13.0,0.14285714285714285,0.2857142857142857,0.7142857142857144,664
20.0,0.8571428571428571,0.8571428571428571,0.0,665
21.0,1.0,1.0,0.0,666
20.0,0.8571428571428571,0.8571428571428571,0.0,667
21.0,1.0,1.0,0.0,668
21.0,1.0,1.0,0.0,669
21.0,1.0,1.0,0.0,670
13.0,0.14285714285714285,0.2857142857142857,0.7142857142857144,671
11.0,0.0,0.14285714285714285,0.7142857142857143,672
18.0,0.7142857142857143,0.7142857142857143,0.0,673
20.0,0.8571428571428571,0.8571428571428571,0.0,674
22.0,0.7142857142857143,0.8571428571428571,0.7142857142857144,675
21.0,1.0,1.0,0.0,676
21.0,1.0,1.0,0.0,677
21.0,1.0,1.0,0.0,678
21.0,1.0,1.0,0.0,679
21.0,1.0,1.0,0.0,680
20.0,0.8571428571428571,0.8571428571428571,0.0,681
21.0,1.0,1.0,0.0,682
21.0,1.0,1.0,0.0,683
21.0,1.0,1.0,0.0,684
21.0,1.0,1.0,0.0,685
22.0,0.7142857142857143,0.8571428571428571,0.7142857142857144,686
20.0,0.8571428571428571,0.8571428571428571,0.0,687
21.0,1.0,1.0,0.0,688
21.0,1.0,1.0,0.0,689
20.0,0.8571428571428571,0.8571428571428571,0.0,690
23.0,0.8571428571428571,1.0,0.714285714285714,691
21.0,1.0,1.0,0.0,692
20.0,0.8571428571428571,0.8571428571428571,0.0,693
21.0,1.0,1.0,0.0,694
21.0,1.0,1.0,0.0,695
19.0,0.5714285714285714,0.7142857142857143,0.7142857142857144,696
11.0,0.0,0.14285714285714285,0.7142857142857143,697
11.0,0.0,0.14285714285714285,0.7142857142857143,698
14.0,0.42857142857142855,0.42857142857142855,0.0,699
14.0,0.42857142857142855,0.42857142857142855,0.0,700
20.0,0.8571428571428571,0.8571428571428571,0.0,701
20.0,0.8571428571428571,0.8571428571428571,0.0,702
21.0,1.0,1.0,0.0,703
21.0,1.0,1.0,0.0,704
20.0,0.8571428571428571,0.8571428571428571,0.0,705
21.0,1.0,1.0,0.0,706
20.0,0.8571428571428571,0.8571428571428571,0.0,707
20.0,0.8571428571428571,0.8571428571428571,0.0,708
21.0,1.0,1.0,0.0,709
21.0,1.0,1.0,0.0,710
21.0,1.0,1.0,0.0,711
21.0,1.0,1.0,0.0,712
21.0,1.0,1.0,0.0,713
20.0,0.8571428571428571,0.8571428571428571,0.0,714
20.0,0.8571428571428571,0.8571428571428571,0.0,715
23.0,0.8571428571428571,1.0,0.714285714285714,716
21.0,1.0,1.0,0.0,717
21.0,1.0,1.0,0.0,718
21.0,1.0,1.0,0.0,719
20.0,0.8571428571428571,0.8571428571428571,0.0,720
21.0,1.0,1.0,0.0,721
22.0,0.7142857142857143,0.8571428571428571,0.7142857142857144,722
11.0,0.0,0.14285714285714285,0.7142857142857143,723
11.0,0.0,0.14285714285714285,0.7142857142857143,724
11.0,0.0,0.14285714285714285,0.7142857142857143,725
11.0,0.0,0.14285714285714285,0.7142857142857143,726
14.0,0.42857142857142855,0.42857142857142855,0.0,727
20.0,0.8571428571428571,0.8571428571428571,0.0,728
21.0,1.0,1.0,0.0,729
22.0,0.7142857142857143,0.8571428571428571,0.7142857142857144,730
14.0,0.14285714285714285,0.2857142857142857,0.7142857142857142,731
11.0,0.0,0.14285714285714285,0.7142857142857143,732
11.0,0.0,0.14285714285714285,0.7142857142857143,733
18.0,0.7142857142857143,0.7142857142857143,0.0,734
20.0,0.8571428571428571,0.8571428571428571,0.0,735
23.0,0.8571428571428571,1.0,0.714285714285714,736
20.0,0.8571428571428571,0.8571428571428571,0.0,737
17.0,0.42857142857142855,0.5714285714285714,0.7142857142857142,738
11.0,0.0,0.14285714285714285,0.7142857142857143,739
11.0,0.0,0.14285714285714285,0.7142857142857143,740
11.0,0.0,0.14285714285714285,0.7142857142857143,741
20.0,0.8571428571428571,0.8571428571428571,0.0,742
21.0,1.0,1.0,0.0,743
20.0,0.8571428571428571,0.8571428571428571,0.0,744
21.0,1.0,1.0,0.0,745
13.0,0.14285714285714285,0.2857142857142857,0.7142857142857144,746
11.0,0.0,0.14285714285714285,0.7142857142857143,747
11.0,0.0,0.14285714285714285,0.7142857142857143,748
11.0,0.0,0.14285714285714285,0.7142857142857143,749
21.0,1.0,1.0,0.0,750
21.0,1.0,1.0,0.0,751
17.0,0.42857142857142855,0.5714285714285714,0.7142857142857142,752
14.0,0.42857142857142855,0.42857142857142855,0.0,753
20.0,0.8571428571428571,0.8571428571428571,0.0,754
21.0,1.0,1.0,0.0,755
20.0,0.8571428571428571,0.8571428571428571,0.0,756
21.0,1.0,1.0,0.0,757
21.0,1.0,1.0,0.0,758
21.0,1.0,1.0,0.0,759
21.0,1.0,1.0,0.0,760
21.0,1.0,1.0,0.0,761
21.0,1.0,1.0,0.0,762
16.0,0.5714285714285714,0.5714285714285714,0.0,763
21.0,1.0,1.0,0.0,764
21.0,1.0,1.0,0.0,765
23.0,0.8571428571428571,1.0,0.714285714285714,766
21.0,1.0,1.0,0.0,767
21.0,1.0,1.0,0.0,768
18.0,0.7142857142857143,0.7142857142857143,0.0,769
21.0,1.0,1.0,0.0,770
16.0,0.2857142857142857,0.42857142857142855,0.7142857142857142,771
14.0,0.14285714285714285,0.2857142857142857,0.7142857142857142,772
11.0,0.0,0.14285714285714285,0.7142857142857143,773
11.0,0.0,0.14285714285714285,0.7142857142857143,774
11.0,0.0,0.14285714285714285,0.7142857142857143,775
10.0,0.14285714285714285,0.14285714285714285,0.0,776
10.0,0.14285714285714285,0.14285714285714285,0.0,777
10.0,0.14285714285714285,0.14285714285714285,0.0,778
20.0,0.8571428571428571,0.8571428571428571,0.0,779
15.0,0.42857142857142855,0.42857142857142855,0.0,780
21.0,1.0,1.0,0.0,781
21.0,1.0,1.0,0.0,782
21.0,1.0,1.0,0.0,783
18.0,0.42857142857142855,0.5714285714285714,0.7142857142857144,784
11.0,0.0,0.14285714285714285,0.7142857142857143,785
11.0,0.0,0.14285714285714285,0.7142857142857143,786
11.0,0.0,0.14285714285714285,0.7142857142857143,787
14.0,0.14285714285714285,0.2857142857142857,0.7142857142857142,788
13.0,0.14285714285714285,0.2857142857142857,0.7142857142857144,789
14.0,0.14285714285714285,0.2857142857142857,0.7142857142857142,790
16.0,0.2857142857142857,0.42857142857142855,0.7142857142857142,791
14.0,0.14285714285714285,0.2857142857142857,0.7142857142857142,792
11.0,0.0,0.14285714285714285,0.7142857142857143,793
11.0,0.0,0.14285714285714285,0.7142857142857143,794
18.0,0.7142857142857143,0.7142857142857143,0.0,795
21.0,1.0,1.0,0.0,796
21.0,1.0,1.0,0.0,797
21.0,1.0,1.0,0.0,798
20.0,0.8571428571428571,0.8571428571428571,0.0,799
20.0,0.5714285714285714,0.7142857142857143,0.7142857142857144,800
11.0,0.0,0.14285714285714285,0.7142857142857143,801
11.0,0.0,0.14285714285714285,0.7142857142857143,802
11.0,0.0,0.14285714285714285,0.7142857142857143,803
11.0,0.0,0.14285714285714285,0.7142857142857143,804
20.0,0.8571428571428571,0.8571428571428571,0.0,805
20.0,0.8571428571428571,0.8571428571428571,0.0,806
20.0,0.8571428571428571,0.8571428571428571,0.0,807
23.0,0.8571428571428571,1.0,0.714285714285714,808
20.0,0.8571428571428571,0.8571428571428571,0.0,809
20.0,0.8571428571428571,0.8571428571428571,0.0,810
11.0,0.0,0.14285714285714285,0.7142857142857143,811
11.0,0.0,0.14285714285714285,0.7142857142857143,812
11.0,0.0,0.14285714285714285,0.7142857142857143,813
13.0,0.2857142857142857,0.2857142857142857,0.0,814
20.0,0.8571428571428571,0.8571428571428571,0.0,815
21.0,1.0,1.0,0.0,816
20.0,0.8571428571428571,0.8571428571428571,0.0,817
21.0,1.0,1.0,0.0,818
21.0,0.7142857142857143,0.8571428571428571,0.7142857142857144,819
11.0,0.0,0.14285714285714285,0.7142857142857143,820
10.0,0.14285714285714285,0.14285714285714285,0.0,821
18.0,0.7142857142857143,0.7142857142857143,0.0,822
21.0,1.0,1.0,0.0,823
21.0,1.0,1.0,0.0,824
21.0,1.0,1.0,0.0,825
21.0,0.7142857142857143,0.8571428571428571,0.7142857142857144,826
11.0,0.0,0.14285714285714285,0.7142857142857143,827
11.0,0.0,0.14285714285714285,0.7142857142857143,828
10.0,0.14285714285714285,0.14285714285714285,0.0,829
18.0,0.7142857142857143,0.7142857142857143,0.0,830
21.0,1.0,1.0,0.0,831
20.0,0.8571428571428571,0.8571428571428571,0.0,832
20.0,0.8571428571428571,0.8571428571428571,0.0,833
21.0,0.7142857142857143,0.8571428571428571,0.7142857142857144,834
14.0,0.14285714285714285,0.2857142857142857,0.7142857142857142,835
11.0,0.0,0.14285714285714285,0.7142857142857143,836
12.0,0.2857142857142857,0.2857142857142857,0.0,837
21.0,1.0,1.0,0.0,838
21.0,1.0,1.0,0.0,839
21.0,1.0,1.0,0.0,840
21.0,1.0,1.0,0.0,841
21.0,1.0,1.0,0.0,842
21.0,1.0,1.0,0.0,843
21.0,1.0,1.0,0.0,844
17.0,0.42857142857142855,0.5714285714285714,0.7142857142857142,845
10.0,0.14285714285714285,0.14285714285714285,0.0,846
21.0,1.0,1.0,0.0,847
21.0,0.7142857142857143,0.8571428571428571,0.7142857142857144,848
14.0,0.14285714285714285,0.2857142857142857,0.7142857142857142,849
11.0,0.0,0.14285714285714285,0.7142857142857143,850
11.0,0.0,0.14285714285714285,0.7142857142857143,851
18.0,0.7142857142857143,0.7142857142857143,0.0,852
20.0,0.8571428571428571,0.8571428571428571,0.0,853
21.0,1.0,1.0,0.0,854
20.0,0.8571428571428571,0.8571428571428571,0.0,855
23.0,0.8571428571428571,1.0,0.714285714285714,856
11.0,0.0,0.14285714285714285,0.7142857142857143,857
12.0,0.2857142857142857,0.2857142857142857,0.0,858
21.0,1.0,1.0,0.0,859
21.0,1.0,1.0,0.0,860
21.0,1.0,1.0,0.0,861
21.0,1.0,1.0,0.0,862
21.0,1.0,1.0,0.0,863
21.0,1.0,1.0,0.0,864
21.0,1.0,1.0,0.0,865
21.0,1.0,1.0,0.0,866
23.0,0.8571428571428571,1.0,0.714285714285714,867
21.0,1.0,1.0,0.0,868
21.0,1.0,1.0,0.0,869
21.0,1.0,1.0,0.0,870
22.0,0.7142857142857143,0.8571428571428571,0.7142857142857144,871
21.0,1.0,1.0,0.0,872
14.0,0.42857142857142855,0.42857142857142855,0.0,873
20.0,0.8571428571428571,0.8571428571428571,0.0,874
21.0,1.0,1.0,0.0,875
19.0,0.7142857142857143,0.7142857142857143,0.0,876
20.0,0.8571428571428571,0.8571428571428571,0.0,877
20.0,0.8571428571428571,0.8571428571428571,0.0,878
21.0,1.0,1.0,0.0,879
21.0,1.0,1.0,0.0,880
17.0,0.42857142857142855,0.5714285714285714,0.7142857142857142,881
11.0,0.0,0.14285714285714285,0.7142857142857143,882
11.0,0.0,0.14285714285714285,0.7142857142857143,883
11.0,0.0,0.14285714285714285,0.7142857142857143,884
16.0,0.5714285714285714,0.5714285714285714,0.0,885
20.0,0.8571428571428571,0.8571428571428571,0.0,886
20.0,0.8571428571428571,0.8571428571428571,0.0,887
21.0,1.0,1.0,0.0,888
21.0,1.0,1.0,0.0,889
21.0,1.0,1.0,0.0,890
22.0,0.7142857142857143,0.8571428571428571,0.7142857142857144,891
11.0,0.0,0.14285714285714285,0.7142857142857143,892
12.0,0.2857142857142857,0.2857142857142857,0.0,893
21.0,1.0,1.0,0.0,894
21.0,1.0,1.0,0.0,895
21.0,1.0,1.0,0.0,896
21.0,1.0,1.0,0.0,897
21.0,1.0,1.0,0.0,898
21.0,1.0,1.0,0.0,899
21.0,1.0,1.0,0.0,900
21.0,1.0,1.0,0.0,901
21.0,1.0,1.0,0.0,902
17.0,0.5714285714285714,0.5714285714285714,0.0,903
21.0,1.0,1.0,0.0,904
21.0,1.0,1.0,0.0,905
21.0,1.0,1.0,0.0,906
21.0,1.0,1.0,0.0,907
21.0,1.0,1.0,0.0,908
21.0,1.0,1.0,0.0,909
18.0,0.7142857142857143,0.7142857142857143,0.0,910
21.0,1.0,1.0,0.0,911
21.0,1.0,1.0,0.0,912
19.0,0.7142857142857143,0.7142857142857143,0.0,913
15.0,0.2857142857142857,0.42857142857142855,0.7142857142857142,914
11.0,0.0,0.14285714285714285,0.7142857142857143,915
11.0,0.0,0.14285714285714285,0.7142857142857143,916
11.0,0.0,0.14285714285714285,0.7142857142857143,917
11.0,0.0,0.14285714285714285,0.7142857142857143,918
12.0,0.2857142857142857,0.2857142857142857,0.0,919
21.0,1.0,1.0,0.0,920
21.0,1.0,1.0,0.0,921
21.0,1.0,1.0,0.0,922
21.0,1.0,1.0,0.0,923
21.0,1.0,1.0,0.0,924
21.0,1.0,1.0,0.0,925
14.0,0.14285714285714285,0.2857142857142857,0.7142857142857142,926
11.0,0.0,0.14285714285714285,0.7142857142857143,927
12.0,0.2857142857142857,0.2857142857142857,0.0,928
22.0,0.7142857142857143,0.8571428571428571,0.7142857142857144,929
21.0,1.0,1.0,0.0,930
23.0,0.8571428571428571,1.0,0.714285714285714,931
12.0,0.2857142857142857,0.2857142857142857,0.0,932
10.0,0.14285714285714285,0.14285714285714285,0.0,933
21.0,1.0,1.0,0.0,934
21.0,1.0,1.0,0.0,935
21.0,1.0,1.0,0.0,936
19.0,0.5714285714285714,0.7142857142857143,0.7142857142857144,937
11.0,0.0,0.14285714285714285,0.7142857142857143,938
14.0,0.14285714285714285,0.2857142857142857,0.7142857142857142,939
18.0,0.7142857142857143,0.7142857142857143,0.0,940
21.0,1.0,1.0,0.0,941
20.0,0.8571428571428571,0.8571428571428571,0.0,942
19.0,0.5714285714285714,0.7142857142857143,0.7142857142857144,943
11.0,0.0,0.14285714285714285,0.7142857142857143,944
11.0,0.0,0.14285714285714285,0.7142857142857143,945
11.0,0.0,0.14285714285714285,0.7142857142857143,946
16.0,0.5714285714285714,0.5714285714285714,0.0,947
21.0,1.0,1.0,0.0,948
21.0,1.0,1.0,0.0,949
21.0,0.7142857142857143,0.8571428571428571,0.7142857142857144,950
21.0,1.0,1.0,0.0,951
21.0,1.0,1.0,0.0,952
21.0,1.0,1.0,0.0,953
15.0,0.2857142857142857,0.42857142857142855,0.7142857142857142,954
12.0,0.2857142857142857,0.2857142857142857,0.0,955
20.0,0.8571428571428571,0.8571428571428571,0.0,956
21.0,1.0,1.0,0.0,957
15.0,0.2857142857142857,0.42857142857142855,0.7142857142857142,958
14.0,0.14285714285714285,0.2857142857142857,0.7142857142857142,959
10.0,0.14285714285714285,0.14285714285714285,0.0,960
23.0,0.8571428571428571,1.0,0.714285714285714,961
21.0,1.0,1.0,0.0,962
19.0,0.7142857142857143,0.7142857142857143,0.0,963
21.0,1.0,1.0,0.0,964
21.0,1.0,1.0,0.0,965
23.0,0.8571428571428571,1.0,0.714285714285714,966
13.0,0.14285714285714285,0.2857142857142857,0.7142857142857144,967
11.0,0.0,0.14285714285714285,0.7142857142857143,968
23.0,0.8571428571428571,1.0,0.714285714285714,969
15.0,0.2857142857142857,0.42857142857142855,0.7142857142857142,970
11.0,0.0,0.14285714285714285,0.7142857142857143,971
14.0,0.14285714285714285,0.2857142857142857,0.7142857142857142,972
11.0,0.0,0.14285714285714285,0.7142857142857143,973
11.0,0.0,0.14285714285714285,0.7142857142857143,974
11.0,0.0,0.14285714285714285,0.7142857142857143,975
11.0,0.0,0.14285714285714285,0.7142857142857143,976
20.0,0.8571428571428571,0.8571428571428571,0.0,977
21.0,1.0,1.0,0.0,978
21.0,1.0,1.0,0.0,979
14.0,0.42857142857142855,0.42857142857142855,0.0,980
21.0,1.0,1.0,0.0,981
21.0,1.0,1.0,0.0,982
20.0,0.8571428571428571,0.8571428571428571,0.0,983
21.0,1.0,1.0,0.0,984
21.0,1.0,1.0,0.0,985
20.0,0.8571428571428571,0.8571428571428571,0.0,986
21.0,1.0,1.0,0.0,987
21.0,1.0,1.0,0.0,988
21.0,1.0,1.0,0.0,989
21.0,1.0,1.0,0.0,990
21.0,1.0,1.0,0.0,991
20.0,0.8571428571428571,0.8571428571428571,0.0,992
21.0,1.0,1.0,0.0,993
21.0,1.0,1.0,0.0,994
21.0,1.0,1.0,0.0,995
20.0,0.8571428571428571,0.8571428571428571,0.0,996
21.0,1.0,1.0,0.0,997
20.0,0.8571428571428571,0.8571428571428571,0.0,998
21.0,1.0,1.0,0.0,999
19.0,0.5714285714285714,0.7142857142857143,0.7142857142857144,1000
